TEAM_ID,MISSION_TIME,PACKET_COUNT,MODE,STATE,HS_DEPLOYED,PC_DEPLOYED,ALTITUDE,AIR_SPEED,TEMPERATURE,VOLTAGE,PRESSURE,GPS_TIME,GPS_ALTITUDE,GPS_LATITUDE,GPS_LONGITUDE,GPS_SATS,TILT_X,TILT_Y,ROT_Z,CMD_ECHO
2102,10:42:23,950,F,LW,1.346681,0.70,N,N,32.0,96269.0,3.9,14:42:26,0.0,0.0000,0.0000,0,4.25,-3.06,349.8,BCNOFF
2102,10:42:24,951,F,LW,1.335317,0.70,N,N,32.0,96269.0,3.9,14:42:27,0.0,0.0000,0.0000,0,4.25,-3.12,349.8,BCNOFF
2102,10:42:25,952,F,LW,1.244802,0.70,N,N,32.0,96267.0,3.9,14:42:29,0.0,0.0000,0.0000,0,4.25,-3.12,349.8,BCNOFF
2102,23:26:59,8,F,LW,0.000000,0.83,N,N,26.0,96791.0,3.4,0:0:0,0.0,0.0000,0.0000,0,0.00,0.00,0.0,
2102,23:27:00,9,F,LW,0.000000,0.75,N,N,26.1,96788.0,3.4,0:0:0,0.0,0.0000,0.0000,0,0.00,0.00,0.0,
2102,23:27:01,10,F,LW,0.000000,0.83,N,N,26.1,96788.0,3.5,0:0:0,0.0,0.0000,0.0000,0,0.00,0.00,0.0,
2102,23:27:02,11,F,LW,0.000000,0.70,N,N,26.2,96790.0,3.5,0:0:0,0.0,0.0000,0.0000,0,0.00,0.00,0.0,
2102,23:27:03,12,F,LW,0.000000,0.86,N,N,26.2,96788.0,3.6,0:0:0,0.0,0.0000,0.0000,0,0.00,0.00,0.0,
2102,23:27:04,13,F,LW,0.000000,0.83,N,N,26.2,96788.0,3.6,0:0:0,0.0,0.0000,0.0000,0,0.00,0.00,0.0,
2102,23:27:05,14,F,LW,0.000000,0.83,N,N,26.2,96788.0,3.6,0:0:0,0.0,0.0000,0.0000,0,0.00,0.00,0.0,
2102,01:10:06,1017,F,LW,1.323248,0.00,N,N,27.5,96742.0,3.6,5:10:27,386.1,38.1952,-78.9981,4,0.00,0.00,0.0,BCNOFF
2102,01:10:07,1018,F,LW,1.353822,0.00,N,N,27.5,96742.0,3.6,5:10:28,386.1,38.1952,-78.9981,4,0.00,0.00,0.0,BCNOFF
2102,01:10:08,1019,F,LW,1.289959,0.00,N,N,27.5,96740.0,3.6,5:10:30,386.1,38.1952,-78.9981,4,0.00,0.00,0.0,BCNOFF
2102,01:10:09,1020,F,LW,1.351107,0.00,N,N,27.5,96742.0,3.6,5:10:31,386.1,38.1952,-78.9981,4,0.00,0.00,0.0,BCNOFF
2102,01:10:11,1021,F,LW,1.374037,0.00,N,N,27.5,96744.0,3.6,5:10:32,386.1,38.1952,-78.9981,4,0.00,0.00,0.0,BCNOFF
2102,01:14:09,71,F,LW,2.081793,0.00,N,N,28.4,96733.0,3.6,5:14:32,0.0,0.0000,0.0000,0,13.31,-14.25,222.9,
2102,01:14:10,72,F,LW,2.036834,0.00,N,N,28.5,96733.0,3.6,5:14:34,0.0,0.0000,0.0000,0,2.44,-8.00,192.4,
2102,01:14:11,73,F,LW,1.980007,0.00,N,N,28.5,96734.0,3.6,5:14:35,0.0,0.0000,0.0000,0,2.38,-0.44,191.0,
2102,01:14:13,74,F,LW,2.042366,0.00,N,N,28.5,96733.0,3.6,5:14:36,0.0,0.0000,0.0000,0,2.38,-0.19,190.9,
2102,01:14:14,75,F,LW,2.041561,0.00,N,N,28.5,96735.0,3.6,5:14:37,0.0,0.0000,0.0000,0,2.31,0.00,190.9,
2102,01:14:15,76,F,LW,2.078574,0.00,N,N,28.5,96732.0,3.6,5:14:38,0.0,0.0000,0.0000,0,2.31,0.00,190.9,
2102,01:14:16,77,F,LW,2.078574,0.00,N,N,28.6,96733.0,3.6,5:14:40,0.0,0.0000,0.0000,0,-0.25,-3.31,190.6,
2102,01:16:09,168,F,LW,1.992378,0.00,N,N,29.0,96736.0,3.6,5:16:32,0.0,0.0000,0.0000,0,-36.56,-82.62,173.4,BCNOFF
2102,01:16:10,169,F,LW,1.983225,0.00,N,N,29.0,96735.0,3.6,5:16:34,0.0,0.0000,0.0000,0,-36.50,-82.62,173.4,BCNOFF
2102,01:16:11,170,F,LW,1.965926,0.00,N,N,29.0,96734.0,3.6,5:16:35,0.0,0.0000,0.0000,0,-36.56,-82.56,173.4,BCNOFF
2102,01:16:13,171,F,LW,1.994691,0.00,N,N,29.0,96735.0,3.6,5:16:36,0.0,0.0000,0.0000,0,-36.56,-82.56,173.4,BCNOFF
2102,01:16:14,172,F,LW,2.010784,0.00,N,N,29.0,96734.0,3.6,5:16:37,0.0,0.0000,0.0000,0,-36.56,-82.56,173.4,BCNOFF
2102,01:16:15,173,F,LW,2.080485,0.00,N,N,29.0,96732.0,3.6,5:16:38,0.0,0.0000,0.0000,0,-36.56,-82.56,173.4,BCNOFF
2102,01:20:28,21,F,LW,2.565492,0.02,N,N,29.7,96728.0,3.4,5:20:52,0.0,0.0000,0.0000,0,-39.00,-84.94,359.9,
2102,01:20:29,22,F,LW,2.544873,0.00,N,N,29.7,96729.0,3.4,5:20:53,0.0,0.0000,0.0000,0,-39.00,-84.94,359.9,
2102,01:20:30,23,F,LW,2.526063,0.00,N,N,29.7,96727.0,3.4,5:20:54,0.0,0.0000,0.0000,0,-39.00,-84.94,359.9,
2102,01:20:32,24,F,LW,2.593254,0.07,N,N,29.7,96727.0,3.4,5:20:55,0.0,0.0000,0.0000,0,-38.88,-84.94,359.8,
2102,01:20:33,25,F,LW,2.502024,0.00,N,N,29.7,96730.0,3.4,5:20:57,0.0,0.0000,0.0000,0,-38.88,-84.94,359.8,
2102,01:20:34,26,F,LW,2.545174,0.04,N,N,29.7,96728.0,3.4,5:20:58,0.0,0.0000,0.0000,0,-38.81,-84.94,359.8,
2102,01:20:35,27,F,LW,2.591946,0.05,N,N,29.7,96727.0,3.4,5:20:59,0.0,0.0000,0.0000,0,-38.81,-84.94,359.8,
2102,01:20:37,28,F,LW,2.528176,0.00,N,N,29.7,96730.0,3.4,5:21:0,0.0,0.0000,0.0000,0,-38.81,-84.94,359.8,
2102,01:20:38,29,F,LW,2.514295,0.00,N,N,29.7,96729.0,3.5,5:21:2,0.0,0.0000,0.0000,0,-38.81,-84.94,359.8,
2102,01:20:39,30,F,LW,2.520833,0.01,N,N,29.7,96727.0,3.5,5:21:3,0.0,0.0000,0.0000,0,-38.81,-84.94,359.8,
2102,01:20:40,31,F,LW,2.548192,0.03,N,N,29.7,96726.0,3.5,5:21:4,0.0,0.0000,0.0000,0,-38.81,-84.94,359.8,
2102,01:20:42,32,F,LW,2.543263,0.00,N,N,29.7,96728.0,3.5,5:21:5,0.0,0.0000,0.0000,0,-38.81,-84.94,359.8,
2102,01:20:43,33,F,LW,2.513189,0.00,N,N,29.7,96728.0,3.5,5:21:6,0.0,0.0000,0.0000,0,-38.81,-84.94,359.8,
2102,01:20:44,34,F,LW,2.633487,0.12,N,N,29.7,96728.0,3.5,5:21:8,0.0,0.0000,0.0000,0,-38.81,-84.94,359.8,
2102,01:20:45,35,F,LW,2.480499,0.00,N,N,29.7,96729.0,3.5,5:21:9,0.0,0.0000,0.0000,0,-38.81,-84.94,359.8,
2102,01:20:46,36,F,LW,2.529584,0.05,N,N,29.7,96728.0,3.5,5:21:10,0.0,0.0000,0.0000,0,-38.81,-84.94,359.8,
2102,01:20:48,37,F,LW,2.565895,0.04,N,N,29.7,96730.0,3.5,5:21:11,0.0,0.0000,0.0000,0,-38.81,-84.94,359.8,
2102,01:20:49,38,F,LW,2.539843,0.00,N,N,29.7,96727.0,3.5,5:21:13,0.0,0.0000,0.0000,0,-38.81,-84.94,359.8,
2102,01:20:50,39,F,LW,2.551410,0.01,N,N,29.7,96729.0,3.5,5:21:14,0.0,0.0000,0.0000,0,-38.81,-84.94,359.8,
2102,01:20:51,40,F,LW,2.526264,0.00,N,N,29.7,96729.0,3.5,5:21:15,0.0,0.0000,0.0000,0,-38.81,-84.94,359.8,
2102,01:20:53,41,F,LW,2.500515,0.00,N,N,29.8,96727.0,3.5,5:21:16,0.0,0.0000,0.0000,0,-38.81,-84.94,359.8,
2102,01:20:54,42,F,LW,2.579977,0.08,N,N,29.8,96728.0,3.5,5:21:18,0.0,0.0000,0.0000,0,-38.81,-84.94,359.8,
2102,01:20:55,43,F,LW,2.541352,0.00,N,N,29.8,96728.0,3.5,5:21:19,0.0,0.0000,0.0000,0,-38.81,-84.94,359.8,
2102,01:20:57,44,F,LW,2.587219,0.05,N,N,29.8,96728.0,3.5,5:21:20,0.0,0.0000,0.0000,0,-38.81,-84.94,359.8,
2102,01:20:58,45,F,LW,2.538837,0.00,N,N,29.8,96728.0,3.5,5:21:21,0.0,0.0000,0.0000,0,-38.88,-84.94,359.8,
2102,01:20:59,46,F,LW,2.520129,0.00,N,N,29.8,96733.0,3.5,5:21:23,0.0,0.0000,0.0000,0,-38.88,-84.94,359.8,
2102,01:21:00,47,F,LW,2.582692,0.06,N,N,29.8,96727.0,3.5,5:21:24,0.0,0.0000,0.0000,0,-39.00,-84.94,359.9,
2102,01:21:02,48,F,LW,2.526667,0.00,N,N,29.8,96728.0,3.5,5:21:25,0.0,0.0000,0.0000,0,-39.00,-84.94,359.9,
2102,01:21:03,49,F,LW,2.507656,0.00,N,N,29.8,96730.0,3.5,5:21:26,0.0,0.0000,0.0000,0,-39.00,-84.94,359.9,
2102,01:21:04,50,F,LW,2.533003,0.03,N,N,29.8,96726.0,3.5,5:21:28,0.0,0.0000,0.0000,0,-39.00,-84.94,359.9,
2102,01:21:05,51,F,LW,2.558049,0.03,N,N,29.8,96728.0,3.5,5:21:29,0.0,0.0000,0.0000,0,-39.00,-84.94,359.9,AYRON
2102,01:21:07,52,F,LW,2.563782,0.01,N,N,29.8,96726.0,3.5,5:21:30,0.0,0.0000,0.0000,0,-38.88,-84.94,359.9,AYRON
2102,01:21:08,53,F,LW,2.528980,0.00,N,N,29.8,96728.0,3.5,5:21:31,0.0,0.0000,0.0000,0,-38.88,-84.94,359.9,AYRON
2102,01:21:09,54,F,LW,2.554026,0.03,N,N,29.8,96729.0,3.5,5:21:33,0.0,0.0000,0.0000,0,-38.88,-84.94,359.9,AYRON
2102,01:21:10,55,F,LW,2.547085,0.00,N,N,29.8,96728.0,3.5,5:21:34,0.0,0.0000,0.0000,0,-38.88,-84.94,359.9,AYRON
2102,01:21:12,56,F,LW,2.524353,0.00,N,N,29.8,96728.0,3.5,5:21:35,0.0,0.0000,0.0000,0,-38.88,-84.94,359.9,AYRON
2102,01:21:13,57,F,LW,2.632884,0.11,N,N,29.8,96727.0,3.5,5:21:37,0.0,0.0000,0.0000,0,-38.88,-84.94,359.9,AYRON
2102,01:21:14,58,F,LW,2.533104,0.00,N,N,29.8,96729.0,3.5,5:21:38,0.0,0.0000,0.0000,0,-38.88,-84.94,359.9,AYRON
2102,01:21:15,59,F,LW,2.554327,0.02,N,N,29.8,96727.0,3.5,5:21:39,0.0,0.0000,0.0000,0,-38.88,-84.94,359.9,AYROFF
2102,01:21:17,60,F,LW,2.534311,0.00,N,N,29.8,96728.0,3.5,5:21:40,0.0,0.0000,0.0000,0,-38.88,-84.94,359.9,AYROFF
2102,01:21:18,61,F,LW,2.556339,0.02,N,N,29.8,96730.0,3.5,5:21:42,0.0,0.0000,0.0000,0,-38.88,-84.94,359.9,AYROFF
2102,01:21:19,62,F,LW,2.565593,0.01,N,N,29.8,96727.0,3.5,5:21:43,0.0,0.0000,0.0000,0,-38.88,-84.94,359.9,AYROFF
2102,01:21:20,63,F,LW,2.592147,0.03,N,N,29.8,96727.0,3.5,5:21:44,0.0,0.0000,0.0000,0,-38.88,-84.94,359.9,AYROFF
2102,01:21:22,64,F,LW,2.505846,0.00,N,N,29.8,96727.0,3.5,5:21:45,0.0,0.0000,0.0000,0,-38.81,-84.94,359.8,AYROFF
2102,01:21:23,65,F,LW,2.568912,0.06,N,N,29.8,96731.0,3.5,5:21:47,0.0,0.0000,0.0000,0,-38.94,-84.94,359.9,AYROFF
2102,01:21:24,66,F,LW,2.575853,0.01,N,N,29.8,96726.0,3.5,5:21:48,0.0,0.0000,0.0000,0,-38.94,-84.94,359.9,CAL
2102,01:21:25,67,F,LW,0.000000,0.00,N,N,29.8,96728.0,3.5,5:21:49,0.0,0.0000,0.0000,0,-38.94,-84.94,359.9,CAL
2102,01:21:27,68,F,LW,0.000000,0.00,N,N,29.8,96728.0,3.5,5:21:50,0.0,0.0000,0.0000,0,-38.94,-84.94,359.9,SIMENABLE
2102,01:21:28,69,F,LW,0.000000,0.00,N,N,29.8,96726.0,3.5,5:21:52,0.0,0.0000,0.0000,0,-38.94,-84.94,359.9,SIMENABLE
2102,01:21:29,70,S,LW,-246.587753,0.00,N,N,29.3,96727.0,3.5,5:21:53,0.0,0.0000,0.0000,0,-38.94,-84.94,359.9,SIMACTIVATE
2102,01:21:30,71,S,LW,-246.587753,0.00,N,N,29.2,96727.0,3.5,5:21:54,0.0,0.0000,0.0000,0,-38.88,-84.94,359.8,SIMACTIVATE
2102,01:21:32,72,S,LW,-246.587753,0.00,N,N,29.2,96727.0,3.5,5:21:55,0.0,0.0000,0.0000,0,-38.88,-84.94,359.8,SIMACTIVATE
2102,01:21:33,73,S,LW,-246.587753,0.00,N,N,29.2,96727.0,3.5,5:21:57,0.0,0.0000,0.0000,0,-38.88,-84.94,359.8,SIMACTIVATE
2102,01:21:34,74,S,LW,-246.587753,0.00,N,N,29.2,96727.0,3.5,5:21:58,0.0,0.0000,0.0000,0,-38.88,-84.94,359.8,SIMACTIVATE
2102,01:21:35,75,S,LW,-246.587753,0.00,N,N,29.1,96727.0,3.5,5:21:59,0.0,0.0000,0.0000,0,-38.88,-84.94,359.8,SIMACTIVATE
2102,01:21:37,76,S,LW,-246.587753,0.00,N,N,29.1,96727.0,3.5,5:22:0,0.0,0.0000,0.0000,0,-38.88,-84.94,359.8,SIMACTIVATE
2102,01:21:38,77,S,LW,-246.587753,0.00,N,N,29.1,96727.0,3.5,5:22:2,0.0,0.0000,0.0000,0,-38.88,-84.94,359.8,SIMACTIVATE
2102,01:21:39,78,S,LW,0.001508,246.59,N,N,29.1,93948.0,3.5,5:22:3,0.0,0.0000,0.0000,0,-38.88,-84.94,359.8,SIMP93948
2102,01:21:40,79,S,LW,-0.083464,0.00,N,N,29.1,93949.0,3.5,5:22:4,0.0,0.0000,0.0000,0,-38.88,-84.94,359.8,SIMP93949
2102,01:21:42,80,S,LW,0.001508,0.08,N,N,29.1,93948.0,3.5,5:22:5,0.0,0.0000,0.0000,0,-38.88,-84.94,359.8,SIMP93948
2102,01:21:43,81,S,LW,0.001508,0.00,N,N,29.1,93948.0,3.5,5:22:7,0.0,0.0000,0.0000,0,-38.88,-84.94,359.8,SIMP93948
2102,01:21:44,82,S,LW,0.001508,0.00,N,N,29.1,93948.0,3.5,5:22:8,0.0,0.0000,0.0000,0,-38.88,-84.94,359.8,SIMP93948
2102,01:21:45,83,S,LW,0.001508,0.00,N,N,29.1,93948.0,3.5,5:22:9,0.0,0.0000,0.0000,0,-38.88,-84.94,359.8,SIMP93948
2102,01:21:47,84,S,LW,0.001508,0.00,N,N,29.1,93949.0,3.5,5:22:10,0.0,0.0000,0.0000,0,-38.88,-84.94,359.8,SIMP93949
2102,01:21:48,85,S,LW,-0.083464,0.00,N,N,29.1,93949.0,3.5,5:22:12,0.0,0.0000,0.0000,0,-38.88,-84.94,359.8,SIMP93949
2102,01:21:49,86,S,LW,-0.083464,0.00,N,N,29.1,93949.0,3.5,5:22:13,0.0,0.0000,0.0000,0,-38.88,-84.94,359.8,SIMP93949
2102,01:21:50,87,S,LW,-0.083464,0.00,N,N,29.1,93949.0,3.5,5:22:14,0.0,0.0000,0.0000,0,-38.81,-84.94,359.8,SIMP93949
2102,01:21:52,88,S,LW,0.001508,0.08,N,N,29.0,93948.0,3.5,5:22:15,0.0,0.0000,0.0000,0,-39.00,-84.94,359.9,SIMP93948
2102,01:21:53,89,S,LW,0.001508,0.00,N,N,29.0,93948.0,3.5,5:22:17,0.0,0.0000,0.0000,0,-39.00,-84.94,359.9,SIMP93948
2102,01:21:54,90,S,LW,0.001508,0.00,N,N,29.0,93948.0,3.5,5:22:18,0.0,0.0000,0.0000,0,-39.00,-84.94,359.9,SIMP93948
2102,01:21:55,91,S,LW,0.085476,0.08,N,N,29.0,93947.0,3.5,5:22:19,0.0,0.0000,0.0000,0,-39.00,-84.94,359.9,SIMP93947
2102,01:21:57,92,S,LW,0.085476,0.00,N,N,29.0,93947.0,3.5,5:22:20,0.0,0.0000,0.0000,0,-39.00,-84.94,359.9,SIMP93947
2102,01:21:58,93,S,LW,0.085476,0.00,N,N,29.0,93947.0,3.5,5:22:22,0.0,0.0000,0.0000,0,-39.00,-84.94,359.9,SIMP93947
2102,01:21:59,94,S,LW,0.176987,0.09,N,N,29.0,93946.0,3.5,5:22:23,0.0,0.0000,0.0000,0,-39.00,-84.94,359.9,SIMP93946
2102,01:22:00,95,S,AC,10.690451,10.51,N,N,29.0,93829.0,3.5,5:22:24,0.0,0.0000,0.0000,0,-39.00,-84.94,359.9,SIMP93829
2102,01:22:02,96,S,AC,77.777031,67.09,N,N,29.0,92016.0,3.5,5:22:25,0.0,0.0000,0.0000,0,-39.00,-84.94,359.9,SIMP92016
2102,01:22:03,97,S,AC,397.652954,319.88,N,N,29.0,89603.0,3.5,5:22:27,0.0,0.0000,0.0000,0,-39.00,-84.94,359.9,SIMP89603
2102,01:22:04,98,S,AC,494.010468,96.36,N,N,29.0,88575.0,3.5,5:22:28,0.0,0.0000,0.0000,0,-39.00,-84.94,359.9,SIMP88575
2102,01:22:05,99,S,AC,563.840210,69.83,N,N,29.0,87836.0,3.5,5:22:29,0.0,0.0000,0.0000,0,-39.00,-84.94,359.9,SIMP87836
2102,01:22:07,100,S,AC,621.268005,57.43,N,N,29.0,86794.0,3.5,5:22:30,0.0,0.0000,0.0000,0,-39.00,-84.94,359.9,SIMP86794
2102,01:22:08,101,S,AC,715.233643,93.97,N,N,29.0,86251.0,3.6,5:22:32,0.0,0.0000,0.0000,0,-39.00,-84.94,359.9,SIMP86251
2102,01:22:09,102,S,AC,719.662659,4.43,N,N,29.0,86205.0,3.6,5:22:33,0.0,0.0000,0.0000,0,-39.00,-84.94,359.9,SIMP86205
2102,01:22:10,103,S,AC,723.416321,3.75,N,N,29.0,86166.0,3.6,5:22:34,0.0,0.0000,0.0000,0,-39.00,-84.94,359.9,SIMP86166
2102,01:22:11,104,S,RS,720.062134,0.00,N,N,29.0,86216.0,3.6,5:22:34,0.0,0.0000,0.0000,0,-39.00,-84.94,359.9,SIMP86216
2102,01:22:12,105,S,DC,703.414673,0.00,P,N,29.0,86374.0,3.6,5:22:36,0.0,0.0000,0.0000,0,-39.00,-84.94,359.9,SIMP86374
2102,01:22:13,106,S,DC,688.145752,0.00,P,N,29.0,86533.0,3.6,5:22:37,0.0,0.0000,0.0000,0,-39.00,-84.94,359.9,SIMP86533
2102,01:22:14,107,S,DC,672.989075,0.00,P,N,29.0,86691.0,3.6,5:22:38,0.0,0.0000,0.0000,0,-39.00,-84.94,359.9,SIMP86691
2102,01:22:16,108,S,DC,657.764771,0.00,P,N,29.0,87010.0,3.6,5:22:39,0.0,0.0000,0.0000,0,-38.94,-84.94,359.9,SIMP87010
2102,01:22:17,109,S,DC,627.287598,0.00,P,N,29.0,87169.0,3.6,5:22:41,0.0,0.0000,0.0000,0,-39.00,-84.94,359.9,SIMP87169
2102,01:22:18,110,S,DC,612.034302,0.00,P,N,29.0,87329.0,3.6,5:22:42,0.0,0.0000,0.0000,0,-39.00,-84.94,359.9,SIMP87329
2102,01:22:19,111,S,DC,596.900574,0.00,P,N,29.0,87488.0,3.6,5:22:43,0.0,0.0000,0.0000,0,-38.94,-84.94,359.9,SIMP87488
2102,01:22:21,112,S,DC,581.596008,0.00,P,N,29.0,87809.0,3.6,5:22:44,0.0,0.0000,0.0000,0,-38.88,-84.94,359.9,SIMP87809
2102,01:22:22,113,S,DC,551.151001,0.00,P,N,29.0,87970.0,3.6,5:22:46,0.0,0.0000,0.0000,0,-38.88,-84.94,359.8,SIMP87970
2102,01:22:23,114,S,DC,536.010193,0.00,P,N,29.0,88130.0,3.6,5:22:47,0.0,0.0000,0.0000,0,-38.94,-84.94,359.9,SIMP88130
2102,01:22:24,115,S,DC,520.795898,0.00,P,N,29.0,88291.0,3.6,5:22:48,0.0,0.0000,0.0000,0,-38.94,-84.94,359.9,SIMP88291
2102,01:22:26,116,S,DC,500.419830,0.00,P,N,29.0,88722.0,3.6,5:22:49,0.0,0.0000,0.0000,0,-38.94,-84.94,359.9,SIMP88722
2102,01:22:27,117,S,DC,459.890717,0.00,P,N,29.0,88938.0,3.6,5:22:51,0.0,0.0000,0.0000,0,-38.88,-84.94,359.9,SIMP88938
2102,01:22:28,118,S,DC,439.634613,0.00,P,N,29.0,89154.0,3.6,5:22:52,0.0,0.0000,0.0000,0,-38.88,-84.94,359.9,SIMP89154
2102,01:22:29,119,S,DC,419.323456,0.00,P,N,29.0,89371.0,3.6,5:22:53,0.0,0.0000,0.0000,0,-38.88,-84.94,359.9,SIMP89371
2102,01:22:31,120,S,DC,398.964417,0.00,P,N,29.0,89806.0,3.6,5:22:54,0.0,0.0000,0.0000,0,-38.81,-84.94,359.8,SIMP89806
2102,01:22:32,121,S,DC,358.453766,0.00,P,N,29.0,90024.0,3.6,5:22:56,0.0,0.0000,0.0000,0,-38.81,-84.94,359.8,SIMP90024
2102,01:22:33,122,S,DC,338.120209,0.00,P,N,29.0,90243.0,3.6,5:22:57,0.0,0.0000,0.0000,0,-38.75,-85.00,359.8,SIMP90243
2102,01:22:34,123,S,DC,317.818787,0.00,P,N,29.0,90462.0,3.6,5:22:58,0.0,0.0000,0.0000,0,-38.81,-84.94,359.8,SIMP90462
2102,01:22:36,124,S,DC,297.564880,0.00,P,N,29.0,90901.0,3.6,5:22:59,0.0,0.0000,0.0000,0,-38.81,-84.94,359.8,SIMP90901
2102,01:22:37,125,S,DC,256.988525,0.00,P,N,29.0,91121.0,3.6,5:23:1,0.0,0.0000,0.0000,0,-38.81,-84.94,359.8,SIMP91121
2102,01:22:38,126,S,DC,236.666443,0.00,P,N,29.0,91342.0,3.6,5:23:2,0.0,0.0000,0.0000,0,-38.81,-84.94,359.8,SIMP91342
2102,01:22:39,127,S,DC,216.391327,0.00,P,N,29.0,91563.0,3.6,5:23:3,0.0,0.0000,0.0000,0,-38.81,-84.94,359.8,SIMP91563
2102,01:22:41,128,S,DC,203.013657,0.00,P,N,29.0,91765.0,3.6,5:23:4,0.0,0.0000,0.0000,0,-38.81,-85.00,359.8,SIMP91765
2102,01:22:42,129,S,DC,192.760818,0.00,P,N,29.0,91821.0,3.6,5:23:6,0.0,0.0000,0.0000,0,-38.81,-85.00,359.8,SIMP91821
2102,01:23:08,1,F,LW,0.000000,0.00,N,N,29.0,0.0,0.0,5:23:33,0.0,0.0000,0.0000,0,-38.94,-84.94,0.0,SIMP93344
2102,01:23:09,2,F,LW,0.000000,0.00,N,N,29.6,96729.0,1.8,5:23:34,0.0,0.0000,0.0000,0,-38.94,-84.94,0.0,SIMP93401
2102,01:23:11,3,F,LW,0.000000,0.00,N,N,29.7,96727.0,2.4,5:23:36,0.0,0.0000,0.0000,0,-38.94,-84.94,0.0,SIMP93514
2102,01:23:12,4,F,LW,0.000000,0.00,N,N,29.7,96727.0,2.7,5:23:37,0.0,0.0000,0.0000,0,-38.94,-84.94,0.0,SIMP93571
2102,01:23:13,5,F,LW,0.000000,0.00,N,N,29.7,96726.0,2.8,5:23:38,0.0,0.0000,0.0000,0,-38.94,-84.94,0.0,SIMP93628
2102,01:23:14,6,F,LW,0.000000,0.00,N,N,29.7,96727.0,3.0,5:23:39,0.0,0.0000,0.0000,0,-6.94,-84.94,0.0,SIMP93685
2102,01:23:16,7,F,LW,0.000000,0.00,N,N,29.8,96728.0,3.0,5:23:41,0.0,0.0000,0.0000,0,-38.94,-84.94,0.0,SIMP93799
2102,01:23:17,8,F,LW,0.014682,0.01,N,N,29.8,96727.0,3.1,5:23:42,0.0,0.0000,0.0000,0,-38.94,-84.94,0.0,SIMP93856
2102,01:23:18,9,F,LW,0.000000,-0.01,N,N,29.8,96728.0,3.1,5:23:43,0.0,0.0000,0.0000,0,-38.94,-84.94,0.0,SIMP93913
2102,01:23:19,10,F,LW,0.000000,0.00,N,N,29.8,96724.0,3.2,5:23:44,0.0,0.0000,0.0000,0,-38.94,-84.94,0.0,SIMP93913
2102,01:23:21,11,F,LW,0.000000,0.00,N,N,29.8,96728.0,3.2,5:23:46,0.0,0.0000,0.0000,0,-38.94,-84.94,0.0,SIMP93913
2102,01:23:22,12,F,LW,0.000000,0.00,N,N,29.8,96726.0,3.2,5:23:47,0.0,0.0000,0.0000,0,-38.94,-84.94,0.1,SIMP93913
2102,01:23:23,13,F,LW,0.039721,0.04,N,N,29.8,96725.0,3.3,5:23:48,0.0,0.0000,0.0000,0,-38.94,-84.94,0.1,SIMP93912
2102,01:23:24,14,F,LW,0.036202,-0.00,N,N,29.8,96726.0,3.3,5:23:49,0.0,0.0000,0.0000,0,-38.94,-84.94,0.1,SIMP93913
2102,01:23:26,15,F,LW,0.062749,0.03,N,N,29.9,96725.0,3.3,5:23:51,0.0,0.0000,0.0000,0,-38.94,-84.94,0.1,SIMP93913
2102,01:23:27,16,F,LW,0.041934,-0.02,N,N,29.9,96725.0,3.3,5:23:52,0.0,0.0000,0.0000,0,-38.94,-84.94,0.1,SIMP93913
2102,01:23:28,17,F,LW,0.021620,-0.02,N,N,29.9,96727.0,3.3,5:23:53,0.0,0.0000,0.0000,0,-38.94,-84.94,0.1,SIMP93913
2102,01:23:29,18,F,LW,0.026045,0.00,N,N,29.9,96724.0,3.3,5:23:54,0.0,0.0000,0.0000,0,-38.94,-84.94,0.1,SIMP93913
2102,01:23:31,19,F,LW,0.040526,0.01,N,N,29.9,96724.0,3.4,5:23:56,0.0,0.0000,0.0000,0,-38.94,-84.94,0.1,SIMP93913
2102,01:23:32,20,F,LW,0.032079,-0.01,N,N,29.9,96724.0,3.4,5:23:57,0.0,0.0000,0.0000,0,-38.94,-84.94,0.1,SIMDISABLE
2102,01:23:33,21,F,LW,0.077632,0.05,N,N,29.9,96723.0,3.4,5:23:58,0.0,0.0000,0.0000,0,-38.94,-84.94,0.1,SIMDISABLE
2102,01:23:34,22,F,LW,0.110516,0.03,N,N,29.9,96724.0,3.4,5:23:59,0.0,0.0000,0.0000,0,-38.94,-84.94,0.1,SIMDISABLE
2102,01:23:36,23,F,LW,0.029464,-0.08,N,N,29.9,96725.0,3.4,5:24:0,0.0,0.0000,0.0000,0,-38.94,-84.94,0.1,SIMDISABLE
2102,01:23:37,24,F,LW,0.145813,0.12,N,N,29.9,96727.0,3.4,5:24:2,0.0,0.0000,0.0000,0,-38.94,-84.94,0.1,SIMDISABLE
2102,01:23:38,25,F,LW,0.105789,-0.04,N,N,30.0,96725.0,3.4,5:24:3,0.0,0.0000,0.0000,0,-38.94,-84.94,0.1,SIMDISABLE
2102,01:23:39,26,F,LW,0.136360,0.03,N,N,30.0,96725.0,3.4,5:24:4,0.0,0.0000,0.0000,0,-38.94,-84.94,0.0,SIMDISABLE
2102,01:23:41,27,F,LW,0.165221,0.03,N,N,29.9,96723.0,3.4,5:24:6,0.0,0.0000,0.0000,0,-38.94,-84.94,0.0,SIMDISABLE
2102,01:23:42,28,F,LW,0.102772,-0.06,N,N,30.0,96727.0,3.4,5:24:7,0.0,0.0000,0.0000,0,-38.94,-84.94,0.0,SIMDISABLE
2102,01:23:43,29,F,LW,0.180908,0.08,N,N,30.0,96723.0,3.4,5:24:8,0.0,0.0000,0.0000,0,-38.94,-84.94,0.0,SIMDISABLE
2102,01:23:44,30,F,LW,0.121678,-0.06,N,N,30.0,96725.0,3.4,5:24:9,0.0,0.0000,0.0000,0,-38.94,-84.94,0.0,SIMDISABLE
2102,01:23:46,31,F,LW,0.162305,0.04,N,N,30.0,96725.0,3.4,5:24:11,0.0,0.0000,0.0000,0,-38.94,-84.94,0.0,SIMDISABLE
2102,01:23:47,32,F,LW,0.257134,0.09,N,N,30.0,96723.0,3.4,5:24:12,0.0,0.0000,0.0000,0,-38.94,-84.94,0.0,SIMDISABLE
2102,01:23:48,33,F,LW,0.122684,-0.13,N,N,30.0,96723.0,3.4,5:24:13,0.0,0.0000,0.0000,0,-38.94,-84.94,0.0,SIMDISABLE
2102,01:23:49,34,F,LW,0.170048,0.05,N,N,30.0,96723.0,3.4,5:24:14,0.0,0.0000,0.0000,0,-38.94,-84.94,0.0,SIMDISABLE
2102,01:23:51,35,F,LW,0.157880,-0.01,N,N,30.0,96725.0,3.4,5:24:15,0.0,0.0000,0.0000,0,-39.31,-84.88,0.4,BCNON
2102,01:23:52,36,F,LW,0.140784,-0.02,N,N,30.0,96725.0,3.4,5:24:17,0.0,0.0000,0.0000,0,-39.25,-84.94,0.4,BCNOFF
2102,01:23:53,37,F,LW,0.135555,-0.01,N,N,30.0,96726.0,3.4,5:24:18,0.0,0.0000,0.0000,0,-38.94,-84.94,0.1,BCNOFF
2102,01:23:54,38,F,LW,0.131030,-0.00,N,N,30.0,96724.0,3.4,5:24:19,0.0,0.0000,0.0000,0,-38.94,-84.88,0.1,BCNOFF
2102,01:23:56,39,F,LW,0.163712,0.03,N,N,30.0,96723.0,3.4,5:24:20,0.0,0.0000,0.0000,0,-38.94,-84.88,0.1,BCNOFF
2102,01:23:57,40,F,LW,0.146718,-0.02,N,N,30.0,96724.0,3.5,5:24:22,0.0,0.0000,0.0000,0,-38.94,-84.88,0.1,BCNOFF
2102,01:23:58,41,F,LW,0.228876,0.08,N,N,30.0,96722.0,3.5,5:24:23,0.0,0.0000,0.0000,0,-38.94,-84.88,0.1,BCNOFF
2102,01:23:59,42,F,LW,0.086984,-0.14,N,N,30.0,96724.0,3.5,5:24:24,0.0,0.0000,0.0000,0,-38.94,-84.88,0.1,BCNOFF
2102,01:24:01,43,F,LW,0.000000,-0.09,N,N,30.0,96724.0,3.5,5:24:25,0.0,0.0000,0.0000,0,-38.94,-84.88,0.1,CAL
2102,01:24:02,44,F,LW,0.000000,0.00,N,N,30.0,96724.0,3.5,5:24:27,0.0,0.0000,0.0000,0,-38.94,-84.88,0.1,CAL
2102,01:24:03,45,F,LW,0.000000,0.00,N,N,30.0,96725.0,3.5,5:24:28,0.0,0.0000,0.0000,0,-38.94,-84.88,0.1,SIMENABLE
2102,01:24:04,46,F,LW,0.000000,0.00,N,N,30.0,96722.0,3.5,5:24:29,0.0,0.0000,0.0000,0,-38.94,-84.88,0.1,SIMENABLE
2102,01:24:06,47,S,LW,-246.319626,-246.32,N,N,29.6,96724.0,3.5,5:24:30,0.0,0.0000,0.0000,0,-6.94,-84.88,0.1,SIMACTIVATE
2102,01:24:07,48,S,LW,-246.319626,0.00,N,N,29.5,96724.0,3.5,5:24:32,0.0,0.0000,0.0000,0,-38.94,-84.88,0.1,SIMACTIVATE
2102,01:24:08,49,S,LW,-246.319626,0.00,N,N,29.4,96724.0,3.5,5:24:33,0.0,0.0000,0.0000,0,-38.94,-84.88,0.1,SIMACTIVATE
2102,01:24:09,50,S,LW,-246.319626,0.00,N,N,29.4,96724.0,3.5,5:24:34,0.0,0.0000,0.0000,0,-38.94,-84.88,0.1,SIMACTIVATE
2102,01:24:11,51,S,LW,-246.319626,0.00,N,N,29.4,96724.0,3.5,5:24:35,0.0,0.0000,0.0000,0,-38.94,-84.88,0.1,SIMACTIVATE
2102,01:24:12,52,S,LW,-246.319626,0.00,N,N,29.4,96724.0,3.5,5:24:37,0.0,0.0000,0.0000,0,-38.94,-84.88,0.1,SIMACTIVATE
2102,01:24:13,53,S,LW,-246.319626,0.00,N,N,29.4,96724.0,3.5,5:24:38,0.0,0.0000,0.0000,0,-38.94,-84.88,0.1,SIMACTIVATE
2102,01:24:14,54,S,LW,0.001508,246.32,N,N,29.3,93948.0,3.5,5:24:39,0.0,0.0000,0.0000,0,-38.94,-84.88,0.1,SIMP93948
2102,01:24:16,55,S,LW,-0.083464,-0.08,N,N,29.3,93949.0,3.5,5:24:41,0.0,0.0000,0.0000,0,-38.94,-84.88,0.1,SIMP93949
2102,01:24:17,56,S,LW,0.001508,0.08,N,N,29.3,93948.0,3.5,5:24:42,0.0,0.0000,0.0000,0,-38.94,-84.88,0.1,SIMP93948
2102,01:24:18,57,S,LW,0.001508,0.00,N,N,29.3,93948.0,3.5,5:24:43,0.0,0.0000,0.0000,0,-38.94,-84.88,0.1,SIMP93948
2102,01:24:19,58,S,LW,0.001508,0.00,N,N,29.3,93948.0,3.5,5:24:44,0.0,0.0000,0.0000,0,-38.94,-84.88,0.1,SIMP93948
2102,01:24:21,59,S,LW,0.001508,0.00,N,N,29.3,93948.0,3.5,5:24:46,0.0,0.0000,0.0000,0,-38.94,-84.88,0.1,SIMP93948
2102,01:24:22,60,S,LW,-0.080447,-0.08,N,N,29.3,93949.0,3.5,5:24:47,0.0,0.0000,0.0000,0,-38.94,-84.88,0.1,SIMP93949
2102,01:24:23,61,S,LW,-0.083464,-0.00,N,N,29.3,93949.0,3.5,5:24:48,0.0,0.0000,0.0000,0,-38.94,-84.88,0.1,SIMP93949
2102,01:24:24,62,S,LW,-0.083464,0.00,N,N,29.3,93949.0,3.5,5:24:49,0.0,0.0000,0.0000,0,-38.94,-84.88,0.1,SIMP93949
2102,01:24:26,63,S,LW,-0.083464,0.00,N,N,29.3,93949.0,3.5,5:24:51,0.0,0.0000,0.0000,0,-38.94,-84.88,0.1,SIMP93949
2102,01:24:27,64,S,LW,0.001508,0.08,N,N,29.3,93948.0,3.5,5:24:52,0.0,0.0000,0.0000,0,-38.94,-84.88,0.1,SIMP93948
2102,01:24:28,65,S,LW,0.001508,0.00,N,N,29.3,93948.0,3.5,5:24:53,0.0,0.0000,0.0000,0,-38.94,-84.88,0.1,SIMP93948
2102,01:24:29,66,S,LW,0.001508,0.00,N,N,29.3,93948.0,3.5,5:24:54,0.0,0.0000,0.0000,0,-38.94,-84.88,0.1,SIMP93948
2102,01:24:31,67,S,LW,0.085476,0.08,N,N,29.3,93947.0,3.5,5:24:55,0.0,0.0000,0.0000,0,-38.94,-84.88,0.1,SIMP93947
2102,01:24:32,68,S,LW,0.085476,0.00,N,N,29.3,93947.0,3.5,5:24:57,0.0,0.0000,0.0000,0,-38.94,-84.88,0.1,SIMP93947
2102,01:24:33,69,S,LW,0.085476,0.00,N,N,29.3,93947.0,3.5,5:24:58,0.0,0.0000,0.0000,0,-38.94,-84.88,0.1,SIMP93947
2102,01:24:34,70,S,LW,0.176987,0.09,N,N,29.3,93946.0,3.5,5:24:59,0.0,0.0000,0.0000,0,-38.94,-84.88,0.1,SIMP93946
2102,01:24:36,71,S,AC,10.690451,10.51,N,N,29.3,93829.0,3.5,5:25:0,0.0,0.0000,0.0000,0,-38.94,-84.88,0.1,SIMP93829
2102,01:24:37,72,S,AC,77.777031,67.09,N,N,29.2,92016.0,3.5,5:25:2,0.0,0.0000,0.0000,0,-38.94,-84.88,0.1,SIMP92016
2102,01:24:38,73,S,AC,397.652954,319.88,N,N,29.2,89603.0,3.5,5:25:3,0.0,0.0000,0.0000,0,-38.94,-84.88,0.1,SIMP89603
2102,01:24:39,74,S,AC,494.010468,96.36,N,N,29.2,88575.0,3.5,5:25:4,0.0,0.0000,0.0000,0,-38.94,-84.88,0.1,SIMP88575
2102,01:24:41,75,S,AC,563.840210,69.83,N,N,29.3,87836.0,3.5,5:25:5,0.0,0.0000,0.0000,0,-38.94,-84.88,0.1,SIMP87836
2102,01:24:42,76,S,AC,621.268005,57.43,N,N,29.3,86794.0,3.5,5:25:7,0.0,0.0000,0.0000,0,-38.94,-84.88,0.1,SIMP86794
2102,01:24:43,77,S,AC,715.233643,93.97,N,N,29.3,86251.0,3.5,5:25:8,0.0,0.0000,0.0000,0,-38.94,-84.88,0.1,SIMP86251
2102,01:24:44,78,S,AC,719.662659,4.43,N,N,29.3,86205.0,3.5,5:25:9,0.0,0.0000,0.0000,0,-38.94,-84.88,0.1,SIMP86205
2102,01:24:46,79,S,AC,723.416321,3.75,N,N,29.3,86166.0,3.5,5:25:10,0.0,0.0000,0.0000,0,-38.94,-84.88,0.1,SIMP86166
2102,01:24:46,80,S,RS,720.062134,-3.35,N,N,29.3,86216.0,3.5,5:25:11,0.0,0.0000,0.0000,0,-38.94,-84.88,0.1,SIMP86216
2102,01:24:47,81,S,DC,703.414673,-16.65,P,N,29.3,86374.0,3.5,5:25:12,0.0,0.0000,0.0000,0,-38.94,-84.88,0.1,SIMP86374
2102,01:24:48,82,S,DC,688.145752,-15.27,P,N,29.3,86533.0,3.5,5:25:13,0.0,0.0000,0.0000,0,-38.94,-84.88,0.1,SIMP86533
2102,01:24:50,83,S,DC,672.989075,-15.16,P,N,29.3,86691.0,3.5,5:25:15,0.0,0.0000,0.0000,0,-38.94,-84.88,0.1,SIMP86691
2102,01:24:51,84,S,DC,657.764771,-15.22,P,N,29.3,87010.0,3.5,5:25:16,0.0,0.0000,0.0000,0,-38.94,-84.88,0.1,SIMP87010
2102,01:24:52,85,S,DC,627.287598,-30.48,P,N,29.3,87169.0,3.5,5:25:17,0.0,0.0000,0.0000,0,-38.94,-84.88,0.1,SIMP87169
2102,01:24:53,86,S,DC,612.034302,-15.25,P,N,29.3,87329.0,3.5,5:25:18,0.0,0.0000,0.0000,0,-38.94,-84.88,0.1,SIMP87329
2102,01:24:55,87,S,DC,596.900574,-15.13,P,N,29.3,87488.0,3.5,5:25:20,0.0,0.0000,0.0000,0,-38.94,-84.88,0.1,SIMP87488
2102,01:24:56,88,S,DC,581.596008,-15.30,P,N,29.3,87809.0,3.5,5:25:21,0.0,0.0000,0.0000,0,-38.94,-84.88,0.1,SIMP87809
2102,01:24:57,89,S,DC,551.151001,-30.45,P,N,29.3,87970.0,3.5,5:25:22,0.0,0.0000,0.0000,0,-38.94,-84.88,0.1,SIMP87970
2102,01:24:58,90,S,DC,536.010193,-15.14,P,N,29.3,88130.0,3.5,5:25:23,0.0,0.0000,0.0000,0,-38.94,-84.88,0.1,SIMP88130
2102,01:25:00,91,S,DC,520.795898,-15.21,P,N,29.3,88291.0,3.5,5:25:25,0.0,0.0000,0.0000,0,-38.94,-84.88,0.1,SIMP88291
2102,01:25:01,92,S,DC,500.419830,-20.38,P,N,29.3,88722.0,3.5,5:25:26,0.0,0.0000,0.0000,0,-38.94,-84.88,0.1,SIMP88722
2102,01:25:02,93,S,DC,459.890717,-40.53,P,N,29.2,88938.0,3.5,5:25:27,0.0,0.0000,0.0000,0,-38.94,-84.88,0.1,SIMP88938
2102,01:25:03,94,S,DC,439.634613,-20.26,P,N,29.2,89154.0,3.5,5:25:28,0.0,0.0000,0.0000,0,-38.94,-84.88,0.1,SIMP89154
2102,01:25:05,95,S,DC,419.323456,-20.31,P,N,29.2,89371.0,3.5,5:25:30,0.0,0.0000,0.0000,0,-38.94,-84.88,0.1,SIMP89371
2102,01:25:06,96,S,DC,398.964417,-20.36,P,N,29.2,89806.0,3.5,5:25:31,0.0,0.0000,0.0000,0,-6.94,-84.88,0.1,SIMP89806
2102,01:25:07,97,S,DC,358.453766,-40.51,P,N,29.2,90024.0,3.5,5:25:32,0.0,0.0000,0.0000,0,-38.94,-84.88,0.1,SIMP90024
2102,01:25:08,98,S,DC,338.120209,-20.33,P,N,29.2,90243.0,3.5,5:25:33,0.0,0.0000,0.0000,0,-38.94,-84.88,0.1,SIMP90243
2102,01:25:10,99,S,DC,317.818787,-20.30,P,N,29.2,90462.0,3.5,5:25:34,0.0,0.0000,0.0000,0,-38.94,-84.88,0.1,SIMP90462
2102,01:25:11,100,S,DC,297.564880,-20.25,P,N,29.2,90901.0,3.5,5:25:36,0.0,0.0000,0.0000,0,-38.94,-84.88,0.1,SIMP90901
2102,01:25:12,101,S,DC,256.988525,-40.58,P,N,29.2,91121.0,3.5,5:25:37,0.0,0.0000,0.0000,0,-38.94,-84.88,0.1,SIMP91121
2102,01:25:13,102,S,DC,236.666443,-20.32,P,N,29.2,91342.0,3.5,5:25:38,0.0,0.0000,0.0000,0,-38.94,-84.88,0.1,SIMP91342
2102,01:25:15,103,S,DC,216.391327,-20.28,P,N,29.2,91563.0,3.5,5:25:39,0.0,0.0000,0.0000,0,-38.94,-84.88,0.1,SIMP91563
2102,01:25:16,104,S,DC,203.013657,-13.38,P,N,29.2,91765.0,3.5,5:25:41,0.0,0.0000,0.0000,0,-38.94,-84.88,0.1,SIMP91765
2102,01:25:17,105,S,DC,192.760818,-10.25,P,N,29.2,91821.0,3.5,5:25:42,0.0,0.0000,0.0000,0,-38.94,-84.88,0.1,SIMP91821
2102,01:25:18,106,S,DC,187.552979,-5.21,P,N,29.2,91878.0,3.5,5:25:43,0.0,0.0000,0.0000,0,-38.94,-84.88,0.1,SIMP91878
2102,01:25:20,107,S,DC,182.432678,-5.12,P,N,29.2,91934.0,3.5,5:25:44,0.0,0.0000,0.0000,0,-38.94,-84.88,0.1,SIMP91934
2102,01:25:21,108,S,DC,177.315414,-5.12,P,N,29.2,92046.0,3.5,5:25:46,0.0,0.0000,0.0000,0,-38.94,-84.88,0.1,SIMP92046
2102,01:25:22,109,S,DC,167.088440,-10.23,P,N,29.2,92102.0,3.5,5:25:47,0.0,0.0000,0.0000,0,-38.94,-84.88,0.1,SIMP92102
2102,01:25:23,110,S,DC,161.985382,-5.10,P,N,29.2,92158.0,3.5,5:25:48,0.0,0.0000,0.0000,0,-38.94,-84.88,0.1,SIMP92158
2102,01:25:25,111,S,DC,156.878189,-5.11,P,N,29.2,92214.0,3.5,5:25:49,0.0,0.0000,0.0000,0,-38.94,-84.88,0.1,SIMP92214
2102,01:25:26,112,S,DC,151.680649,-5.20,P,N,29.2,92327.0,3.5,5:25:51,0.0,0.0000,0.0000,0,-38.94,-84.88,0.1,SIMP92327
2102,01:25:27,113,S,DC,141.486038,-10.19,P,N,29.3,92383.0,3.5,5:25:52,0.0,0.0000,0.0000,0,-38.94,-84.88,0.1,SIMP92383
2102,01:25:28,114,S,DC,136.388412,-5.10,P,N,29.3,92439.0,3.5,5:25:53,0.0,0.0000,0.0000,0,-38.94,-84.88,0.1,SIMP92439
2102,01:25:30,115,S,DC,131.201630,-5.19,P,N,29.3,92496.0,3.5,5:25:54,0.0,0.0000,0.0000,0,-38.94,-84.88,0.1,SIMP92496
2102,01:25:31,116,S,DC,126.109543,-5.09,P,N,29.3,92608.0,3.5,5:25:56,0.0,0.0000,0.0000,0,-38.94,-84.88,0.1,SIMP92608
2102,01:25:32,117,S,DC,115.847450,-10.26,P,N,29.3,92665.0,3.5,5:25:57,0.0,0.0000,0.0000,0,-38.94,-84.88,0.1,SIMP92665
2102,01:25:33,118,S,DC,110.762383,-5.09,P,N,29.3,92721.0,3.5,5:25:58,0.0,0.0000,0.0000,0,-38.94,-84.88,0.1,SIMP92721
2102,01:25:35,119,S,DC,105.595490,-5.17,P,N,29.3,92778.0,3.5,5:25:59,0.0,0.0000,0.0000,0,-38.94,-84.88,0.1,SIMP92778
2102,01:25:36,120,S,DC,100.515427,-5.08,P,N,29.3,92834.0,3.5,5:26:1,0.0,0.0000,0.0000,0,-38.94,-84.88,0.1,SIMP92834
2102,01:25:37,121,S,HR,90.271973,-10.24,P,C,29.3,92947.0,3.5,5:26:2,0.0,0.0000,0.0000,0,-38.94,-84.88,0.1,SIMP92947
2102,01:25:38,122,S,HR,85.114738,-5.16,P,C,29.3,93004.0,3.5,5:26:3,0.0,0.0000,0.0000,0,-38.94,-84.88,0.1,SIMP93004
2102,01:25:40,123,S,HR,79.952972,-5.16,P,C,29.3,93061.0,3.5,5:26:4,0.0,0.0000,0.0000,0,-38.94,-84.88,0.1,SIMP93061
2102,01:25:41,124,S,HR,74.885933,-5.07,P,C,29.3,93117.0,3.5,5:26:6,0.0,0.0000,0.0000,0,-38.94,-84.88,0.1,SIMP93117
2102,01:25:42,125,S,HR,64.582680,-10.30,P,C,29.3,93231.0,3.5,5:26:7,0.0,0.0000,0.0000,0,-38.94,-84.94,0.0,SIMP93231
2102,01:25:43,126,S,HR,59.522617,-5.06,P,C,29.3,93287.0,3.5,5:26:8,0.0,0.0000,0.0000,0,-38.94,-84.94,0.0,SIMP93287
2102,01:25:45,127,S,HR,54.381111,-5.14,P,C,29.3,93344.0,3.5,5:26:9,0.0,0.0000,0.0000,0,-38.88,-84.94,0.0,SIMP93344
2102,01:25:46,128,S,HR,49.234566,-5.15,P,C,29.3,93401.0,3.5,5:26:11,0.0,0.0000,0.0000,0,-38.88,-84.94,0.0,SIMP93401
2102,01:25:47,129,S,HR,39.048023,-10.19,P,C,29.3,93514.0,3.5,5:26:12,0.0,0.0000,0.0000,0,-38.88,-84.94,0.0,SIMP93514
2102,01:25:48,130,S,HR,33.909557,-5.14,P,C,29.3,93571.0,3.5,5:26:13,0.0,0.0000,0.0000,0,-38.88,-84.94,0.0,SIMP93571
2102,01:25:50,131,S,HR,28.780178,-5.13,P,C,29.3,93628.0,3.5,5:26:14,0.0,0.0000,0.0000,0,-38.88,-84.94,0.0,SIMP93628
2102,01:25:51,132,S,HR,23.646273,-5.13,P,C,29.3,93685.0,3.5,5:26:16,0.0,0.0000,0.0000,0,-38.88,-84.94,0.0,SIMP93685
2102,01:25:52,133,S,HR,13.393600,-10.25,P,C,29.3,93799.0,3.5,5:26:17,0.0,0.0000,0.0000,0,-38.88,-84.94,0.0,SIMP93799
2102,01:25:53,134,S,HR,8.267273,-5.13,P,C,29.3,93856.0,3.5,5:26:18,0.0,0.0000,0.0000,0,-38.88,-84.94,0.0,SIMP93856
2102,01:25:55,135,S,LD,3.151011,-5.12,P,C,29.3,93913.0,3.5,5:26:19,0.0,0.0000,0.0000,0,-38.88,-84.94,0.0,SIMP93913
2102,01:25:56,136,S,LD,3.151011,0.00,P,C,29.3,93913.0,3.5,5:26:21,0.0,0.0000,0.0000,0,-38.88,-84.94,0.0,SIMP93913
2102,01:25:57,137,S,LD,3.151011,0.00,P,C,29.3,93913.0,3.5,5:26:22,0.0,0.0000,0.0000,0,-38.88,-84.94,0.0,SIMP93913
2102,01:25:58,138,S,LD,3.151011,0.00,P,C,29.3,93913.0,3.5,5:26:23,0.0,0.0000,0.0000,0,-38.88,-84.94,0.0,SIMP93913
2102,01:25:59,139,S,LD,3.228968,0.08,P,C,29.3,93912.0,3.5,5:26:24,0.0,0.0000,0.0000,0,-38.88,-84.94,0.0,SIMP93912
2102,01:26:01,140,S,LD,3.151011,-0.08,P,C,29.3,93913.0,3.5,5:26:26,0.0,0.0000,0.0000,0,-38.94,-84.94,0.0,SIMP93913
2102,01:26:02,141,S,LD,3.151011,0.00,P,C,29.3,93913.0,3.5,5:26:27,0.0,0.0000,0.0000,0,-39.00,-84.88,0.8,SIMP93913
2102,01:26:09,1,F,LW,0.000000,0.00,N,N,29.3,0.0,0.0,5:26:35,0.0,0.0000,0.0000,0,-38.94,-85.00,0.0,SIMP93913
2102,01:26:10,2,F,LW,0.000000,0.00,N,N,29.9,96723.0,1.8,5:26:36,0.0,0.0000,0.0000,0,-38.94,-85.00,0.0,SIMP93913
2102,01:26:12,3,F,LW,0.000000,0.00,N,N,29.9,96725.0,2.3,5:26:37,0.0,0.0000,0.0000,0,-38.94,-85.00,0.0,SIMP93913
2102,01:26:13,4,F,LW,0.000000,0.00,N,N,30.0,96721.0,2.6,5:26:38,0.0,0.0000,0.0000,0,-38.94,-85.00,0.0,SIMP93913
2102,01:26:14,5,F,LW,0.000000,0.00,N,N,30.0,96724.0,2.8,5:26:40,0.0,0.0000,0.0000,0,-38.94,-85.00,0.0,SIMP93913
2102,01:26:15,6,F,LW,0.000000,0.00,N,N,30.0,96722.0,2.9,5:26:41,0.0,0.0000,0.0000,0,-38.94,-85.00,0.0,SIMP93913
2102,01:26:17,7,F,LW,0.000000,0.00,N,N,30.0,96724.0,3.0,5:26:42,0.0,0.0000,0.0000,0,-38.94,-85.00,0.0,SIMP93913
2102,01:26:18,8,F,LW,0.000000,0.00,N,N,30.1,96724.0,3.1,5:26:43,0.0,0.0000,0.0000,0,-38.94,-85.00,0.0,SIMP93913
2102,01:26:19,9,F,LW,0.000000,0.00,N,N,30.1,96725.0,3.1,5:26:45,0.0,0.0000,0.0000,0,-38.94,-85.00,0.0,SIMP93913
2102,01:26:20,10,F,LW,0.000000,0.00,N,N,30.1,96722.0,3.2,5:26:46,0.0,0.0000,0.0000,0,-38.94,-85.00,0.0,SIMP93913
2102,01:26:22,11,F,LW,0.000000,0.00,N,N,30.1,96723.0,3.2,5:26:47,0.0,0.0000,0.0000,0,-38.94,-85.00,0.0,SIMP93913
2102,01:26:23,12,F,LW,0.000000,0.00,N,N,30.1,96724.0,3.2,5:26:48,0.0,0.0000,0.0000,0,-38.94,-85.00,0.0,SIMP93913
2102,01:26:24,13,F,LW,0.000000,0.00,N,N,30.1,96724.0,3.2,5:26:50,0.0,0.0000,0.0000,0,-38.94,-85.00,0.0,SIMP93913
2102,01:26:25,14,F,LW,0.000000,0.00,N,N,30.1,96723.0,3.3,5:26:51,0.0,0.0000,0.0000,0,-38.94,-85.00,0.0,SIMP93913
2102,01:26:27,15,F,LW,0.000000,0.00,N,N,30.1,96723.0,3.3,5:26:52,0.0,0.0000,0.0000,0,-38.94,-85.00,0.0,SIMP93912
2102,01:26:28,16,F,LW,0.000000,0.00,N,N,30.2,96723.0,3.3,5:26:53,0.0,0.0000,0.0000,0,-38.94,-85.00,0.0,SIMP93912
2102,01:26:29,17,F,LW,0.000000,0.00,N,N,30.2,96725.0,3.3,5:26:55,0.0,0.0000,0.0000,0,-38.94,-85.00,0.0,SIMP93912
2102,01:26:30,18,F,LW,0.000000,0.00,N,N,30.2,96722.0,3.3,5:26:56,0.0,0.0000,0.0000,0,-38.94,-85.00,0.0,SIMP93913
2102,01:26:32,19,F,LW,0.000000,0.00,N,N,30.2,96723.0,3.3,5:26:57,0.0,0.0000,0.0000,0,-38.94,-85.00,0.0,SIMP93913
2102,01:26:33,20,F,LW,0.000000,0.00,N,N,30.2,96722.0,3.3,5:26:58,0.0,0.0000,0.0000,0,-38.94,-85.00,0.0,BCNOFF
2102,01:26:34,21,F,LW,0.000000,0.00,N,N,30.2,96722.0,3.3,5:27:0,0.0,0.0000,0.0000,0,-38.94,-85.00,0.0,SIMP93913
2102,01:26:35,22,F,LW,0.000000,0.00,N,N,30.2,96721.0,3.3,5:27:1,0.0,0.0000,0.0000,0,-38.94,-85.00,0.0,SIMP93912
2102,01:26:37,23,F,LW,0.000000,0.00,N,N,30.2,96722.0,3.4,5:27:2,0.0,0.0000,0.0000,0,-38.94,-85.00,0.0,SIMP93914
2102,01:26:38,24,F,LW,0.000000,0.00,N,N,30.2,96720.0,3.4,5:27:3,0.0,0.0000,0.0000,0,-38.94,-85.00,0.0,SIMP93914
2102,01:26:39,25,F,LW,0.000000,0.00,N,N,30.1,96722.0,3.4,5:27:4,0.0,0.0000,0.0000,0,-38.94,-85.00,0.0,SIMP93914
2102,01:26:40,26,F,LW,0.000000,0.00,N,N,30.2,96724.0,3.4,5:27:6,0.0,0.0000,0.0000,0,-38.94,-85.00,0.0,SIMP93914
2102,01:26:42,27,F,LW,0.000000,0.00,N,N,30.2,96722.0,3.4,5:27:7,0.0,0.0000,0.0000,0,-38.94,-85.00,0.0,SIMP93914
2102,01:26:43,28,F,LW,0.000000,0.00,N,N,30.2,96724.0,3.4,5:27:8,0.0,0.0000,0.0000,0,-0.06,-85.00,0.0,SIMP93914
2102,01:26:44,29,F,LW,0.000000,0.00,N,N,30.2,96724.0,3.4,5:27:9,0.0,0.0000,0.0000,0,-38.94,-85.00,0.0,SIMP93914
2102,01:26:45,30,F,LW,0.000000,0.00,N,N,30.2,96724.0,3.4,5:27:11,0.0,0.0000,0.0000,0,-38.94,-85.00,0.0,SIMP93914
2102,01:26:46,31,F,LW,0.000000,0.00,N,N,30.2,96725.0,3.4,5:27:12,0.0,0.0000,0.0000,0,-38.94,-85.00,0.0,SIMP93914
2102,01:26:48,32,F,LW,0.000000,0.00,N,N,30.2,96722.0,3.4,5:27:13,0.0,0.0000,0.0000,0,-38.94,-85.00,0.0,SIMP93914
2102,01:26:49,33,F,LW,0.000000,0.00,N,N,30.2,96720.0,3.4,5:27:14,0.0,0.0000,0.0000,0,-38.94,-85.00,0.0,SIMP93914
2102,01:26:50,34,F,LW,0.000000,0.00,N,N,30.2,96724.0,3.4,5:27:16,0.0,0.0000,0.0000,0,-38.94,-85.00,0.0,SIMP93948
2102,01:26:51,35,F,LW,0.000000,0.00,N,N,30.2,96722.0,3.4,5:27:17,0.0,0.0000,0.0000,0,-38.94,-85.00,0.0,SIMP93948
2102,01:26:53,36,F,LW,0.000000,0.00,N,N,30.2,96721.0,3.4,5:27:18,0.0,0.0000,0.0000,0,-38.94,-85.00,0.0,BCNOFF
2102,01:26:54,37,F,LW,0.000000,0.00,N,N,30.3,96723.0,3.4,5:27:19,0.0,0.0000,0.0000,0,-38.94,-85.00,0.0,SIMP93948
2102,01:26:55,38,F,LW,0.000000,0.00,N,N,30.3,96723.0,3.4,5:27:21,0.0,0.0000,0.0000,0,-38.94,-85.00,0.0,SIMP93948
2102,01:26:56,39,F,LW,0.000000,0.00,N,N,30.3,96722.0,3.4,5:27:22,0.0,0.0000,0.0000,0,-38.94,-85.00,0.0,SIMP93948
2102,01:26:58,40,F,LW,0.000000,0.00,N,N,30.3,96724.0,3.4,5:27:23,0.0,0.0000,0.0000,0,-38.94,-85.00,0.0,SIMP93949
2102,01:26:59,41,F,LW,0.000000,0.00,N,N,30.3,96724.0,3.4,5:27:24,0.0,0.0000,0.0000,0,-38.94,-85.00,0.0,SIMDISABLE
2102,01:27:00,42,F,LW,0.000000,0.00,N,N,30.3,96723.0,3.4,5:27:26,0.0,0.0000,0.0000,0,-38.94,-85.00,0.0,SIMDISABLE
2102,01:27:01,43,F,LW,0.000000,0.00,N,N,30.3,96725.0,3.4,5:27:27,0.0,0.0000,0.0000,0,-38.94,-85.00,0.0,BCNON
2102,01:27:03,44,F,LW,0.000000,0.00,N,N,30.3,96723.0,3.4,5:27:28,0.0,0.0000,0.0000,0,-38.94,-85.00,0.0,BCNOFF
2102,01:27:04,45,F,LW,0.000000,0.00,N,N,30.3,96719.0,3.4,5:27:29,0.0,0.0000,0.0000,0,-38.94,-85.00,0.0,BCNOFF
2102,01:27:05,46,F,LW,0.000000,0.00,N,N,30.3,96724.0,3.4,5:27:31,0.0,0.0000,0.0000,0,-38.94,-85.00,0.0,BCNOFF
2102,01:27:06,47,F,LW,0.000000,0.00,N,N,30.3,96722.0,3.4,5:27:32,0.0,0.0000,0.0000,0,-38.94,-85.00,0.0,BCNOFF
2102,01:27:08,48,F,LW,0.000000,0.00,N,N,30.3,96719.0,3.4,5:27:33,0.0,0.0000,0.0000,0,-38.94,-85.00,0.0,BCNOFF
2102,01:27:09,49,F,LW,0.000000,0.00,N,N,30.3,96722.0,3.4,5:27:34,0.0,0.0000,0.0000,0,-38.94,-85.00,0.0,BCNOFF
2102,01:27:10,50,F,LW,0.000000,0.00,N,N,30.3,96722.0,3.4,5:27:36,0.0,0.0000,0.0000,0,-38.94,-85.00,0.0,BCNOFF
2102,01:49:19,1,F,LW,0.000000,0.00,N,N,31.4,0.0,0.0,5:50:1,0.0,0.0000,0.0000,0,0.00,0.00,0.0,
2102,01:49:20,2,F,LW,0.158584,0.16,N,N,32.0,96710.0,2.1,5:50:2,0.0,0.0000,0.0000,0,0.00,0.00,0.0,
2102,01:49:21,3,F,LW,0.122080,-0.04,N,N,32.0,96710.0,2.8,5:50:4,0.0,0.0000,0.0000,0,0.00,0.00,0.0,
2102,01:49:22,4,F,LW,0.110616,-0.01,N,N,32.0,96710.0,3.2,5:50:5,0.0,0.0000,0.0000,0,0.00,0.00,0.0,
2102,01:49:24,5,F,LW,0.112829,0.00,N,N,32.0,96709.0,3.4,5:50:6,0.0,0.0000,0.0000,0,0.00,0.00,0.0,
2102,01:49:25,6,F,LW,0.173668,0.06,N,N,32.0,96708.0,3.6,5:50:7,0.0,0.0000,0.0000,0,0.00,0.00,0.0,
2102,01:49:26,7,F,LW,0.194585,0.02,N,N,32.0,96709.0,3.7,5:50:9,0.0,0.0000,0.0000,0,0.00,0.00,0.0,
2102,01:49:27,8,F,LW,0.159288,-0.04,N,N,32.0,96712.0,3.7,5:50:10,0.0,0.0000,0.0000,0,0.00,0.00,0.0,
2102,01:49:29,9,F,LW,0.151746,-0.01,N,N,32.0,96710.0,3.8,5:50:11,0.0,0.0000,0.0000,0,0.00,0.00,0.0,
2102,01:49:30,10,F,LW,0.275336,0.12,N,N,32.0,96711.0,3.8,5:50:12,0.0,0.0000,0.0000,0,0.00,0.00,0.0,
2102,01:49:31,11,F,LW,0.167735,-0.11,N,N,32.0,96708.0,3.9,5:50:13,0.0,0.0000,0.0000,0,0.00,0.00,0.0,
2102,01:49:32,12,F,LW,0.195792,0.03,N,N,32.0,96710.0,3.9,5:50:15,0.0,0.0000,0.0000,0,0.00,0.00,0.0,
2102,01:49:33,13,F,LW,0.171858,-0.02,N,N,32.1,96712.0,3.9,5:50:16,0.0,0.0000,0.0000,0,0.00,0.00,0.0,
2102,01:49:35,14,F,LW,0.166528,-0.01,N,N,32.1,96711.0,4.0,5:50:17,0.0,0.0000,0.0000,0,0.00,0.00,0.0,
2102,01:49:36,15,F,LW,0.167031,0.00,N,N,32.1,96711.0,4.0,5:50:18,0.0,0.0000,0.0000,0,0.00,0.00,0.0,
2102,01:49:37,16,F,LW,0.266487,0.10,N,N,32.1,96708.0,4.0,5:50:20,0.0,0.0000,0.0000,0,0.00,0.00,0.0,
2102,01:49:38,17,F,LW,0.179601,-0.09,N,N,32.1,96709.0,4.0,5:50:21,0.0,0.0000,0.0000,0,0.00,0.00,0.0,
2102,01:49:40,18,F,LW,0.167936,-0.01,N,N,32.1,96709.0,4.0,5:50:22,0.0,0.0000,0.0000,0,0.00,0.00,0.0,
2102,01:49:41,19,F,LW,0.223848,0.06,N,N,32.1,96709.0,4.0,5:50:23,0.0,0.0000,0.0000,0,0.00,0.00,0.0,
2102,01:49:42,20,F,LW,0.178394,-0.05,N,N,32.0,96711.0,4.1,5:50:25,0.0,0.0000,0.0000,0,0.00,0.00,0.0,
2102,01:49:43,21,F,LW,0.203133,0.02,N,N,32.1,96709.0,4.1,5:50:26,0.0,0.0000,0.0000,0,0.00,0.00,0.0,
2102,01:49:45,22,F,LW,0.138371,-0.06,N,N,32.1,96710.0,4.1,5:50:27,0.0,0.0000,0.0000,0,0.00,0.00,0.0,
2102,01:49:46,23,F,LW,0.192071,0.05,N,N,32.1,96711.0,4.1,5:50:28,0.0,0.0000,0.0000,0,0.00,0.00,0.0,
2102,01:49:47,24,F,LW,0.245067,0.05,N,N,32.1,96710.0,4.1,5:50:29,0.0,0.0000,0.0000,0,0.00,0.00,0.0,
2102,02:01:30,1,F,LW,0.870179,0.07,N,N,31.3,96700.0,4.2,6:2:16,0.0,0.0000,0.0000,0,35.75,-93.38,122.9,CXON
2102,02:01:31,2,F,LW,0.829650,-0.04,N,N,31.3,96701.0,4.2,6:2:17,0.0,0.0000,0.0000,0,35.75,-93.38,122.9,CXON
2102,02:01:33,3,F,LW,0.895019,0.07,N,N,31.3,96700.0,4.2,6:2:19,0.0,0.0000,0.0000,0,35.94,-93.31,122.8,CXON
2102,02:01:34,4,F,LW,0.801491,-0.09,N,N,31.3,96701.0,4.2,6:2:20,0.0,0.0000,0.0000,0,36.06,-93.31,122.6,CXON
2102,02:01:35,5,F,LW,0.873598,0.07,N,N,31.3,96701.0,4.2,6:2:21,0.0,0.0000,0.0000,0,36.44,-93.31,122.2,CXON
2102,02:01:36,6,F,LW,0.743766,-0.13,N,N,31.3,96701.0,4.2,6:2:23,0.0,0.0000,0.0000,0,37.19,-92.56,118.1,CXON
2102,02:01:38,7,F,LW,0.828443,0.08,N,N,31.3,96704.0,4.2,6:2:24,0.0,0.0000,0.0000,0,37.38,-92.69,115.1,CXON
2102,02:01:39,8,F,LW,0.821303,-0.01,N,N,31.3,96701.0,4.2,6:2:25,0.0,0.0000,0.0000,0,37.38,-91.94,115.4,CXON
2102,02:01:40,9,F,LW,0.819392,-0.00,N,N,31.3,96699.0,4.2,6:2:26,0.0,0.0000,0.0000,0,38.56,-72.00,110.4,CXON
2102,02:01:41,10,F,LW,0.819694,0.00,N,N,31.3,96703.0,4.2,6:2:27,0.0,0.0000,0.0000,0,39.00,-92.69,106.8,CXON
2102,02:01:43,11,F,LW,0.829550,0.01,N,N,31.3,96705.0,4.2,6:2:29,0.0,0.0000,0.0000,0,37.56,-93.00,103.9,CXON
2102,02:01:44,12,F,LW,0.851071,0.02,N,N,31.3,96702.0,4.2,6:2:30,0.0,0.0000,0.0000,0,38.06,-91.38,111.2,CXON
2102,02:01:45,13,F,LW,0.835684,-0.02,N,N,31.3,96704.0,4.2,6:2:31,0.0,0.0000,0.0000,0,37.69,-93.06,111.5,CXON
2102,02:01:46,14,F,LW,0.855094,0.02,N,N,31.3,96704.0,4.2,6:2:33,0.0,0.0000,0.0000,0,37.69,-93.00,111.5,CXON
2102,02:01:48,15,F,LW,0.864748,0.01,N,N,31.3,96701.0,4.2,6:2:34,0.0,0.0000,0.0000,0,37.69,-93.00,111.5,CXON
2102,02:01:49,16,F,LW,0.791133,-0.07,N,N,31.3,96702.0,4.2,6:2:35,0.0,0.0000,0.0000,0,37.69,-93.00,111.5,CXON
2102,02:01:50,17,F,LW,0.804106,0.01,N,N,31.3,96703.0,4.2,6:2:36,0.0,0.0000,0.0000,0,37.69,-93.00,111.5,CXON
2102,02:01:51,18,F,LW,0.858212,0.05,N,N,31.4,96702.0,4.2,6:2:37,0.0,0.0000,0.0000,0,37.88,-93.31,111.2,CXON
2102,02:01:53,19,F,LW,0.896427,0.04,N,N,31.4,96699.0,4.2,6:2:39,0.0,0.0000,0.0000,0,37.88,-93.25,110.8,CXON
2102,02:01:54,20,F,LW,0.979195,0.08,N,N,31.3,96701.0,4.2,6:2:40,0.0,0.0000,0.0000,0,37.81,-93.56,113.8,CXON
2102,02:01:55,21,F,LW,0.849060,-0.13,N,N,31.3,96702.0,4.2,6:2:41,0.0,0.0000,0.0000,0,37.38,-93.38,117.7,CXON
2102,02:01:56,22,F,LW,0.840813,-0.01,N,N,31.3,96702.0,4.2,6:2:42,0.0,0.0000,0.0000,0,37.50,-93.25,118.2,CXON
2102,02:01:57,23,F,LW,0.960590,0.12,N,N,31.3,96704.0,4.2,6:2:44,0.0,0.0000,0.0000,0,37.56,-93.12,118.2,CXON
2102,02:01:59,24,F,LW,0.870078,-0.09,N,N,31.3,96704.0,4.2,6:2:45,0.0,0.0000,0.0000,0,37.56,-93.12,118.2,CXON
2102,02:02:00,25,F,LW,0.831058,-0.04,N,N,31.4,96702.0,4.2,6:2:46,0.0,0.0000,0.0000,0,37.62,-93.12,118.2,CXON
2102,02:02:01,26,F,LW,0.797871,-0.03,N,N,31.4,96701.0,4.2,6:2:47,0.0,0.0000,0.0000,0,37.62,-93.12,118.2,CXON
2102,02:02:02,27,F,LW,0.947214,0.15,N,N,31.4,96700.0,4.2,6:2:49,0.0,0.0000,0.0000,0,37.62,-93.12,118.2,CXON
2102,02:02:04,28,F,LW,0.865955,-0.08,N,N,31.4,96703.0,4.2,6:2:50,0.0,0.0000,0.0000,0,37.62,-93.12,118.2,CXON
2102,02:02:05,29,F,LW,0.898137,0.03,N,N,31.4,96700.0,4.2,6:2:51,0.0,0.0000,0.0000,0,37.62,-93.12,118.2,CXON
2102,02:02:06,30,F,LW,0.871587,-0.03,N,N,31.4,96704.0,4.2,6:2:52,0.0,0.0000,0.0000,0,37.62,-93.12,118.2,CXON
2102,02:02:07,31,F,LW,0.862737,-0.01,N,N,31.4,96701.0,4.2,6:2:53,0.0,0.0000,0.0000,0,37.62,-93.12,118.2,CXON
2102,02:02:09,32,F,LW,0.879331,0.02,N,N,31.4,96703.0,4.2,6:2:55,0.0,0.0000,0.0000,0,37.56,-93.12,118.2,CXON
2102,02:02:10,33,F,LW,0.896126,0.02,N,N,31.4,96702.0,4.2,6:2:56,0.0,0.0000,0.0000,0,37.56,-93.12,118.2,CXON
2102,02:02:11,34,F,LW,0.854591,-0.04,N,N,31.4,96704.0,4.2,6:2:57,0.0,0.0000,0.0000,0,37.56,-93.12,118.2,CXON
2102,02:02:12,35,F,LW,0.818286,-0.04,N,N,31.4,96702.0,4.2,6:2:59,0.0,0.0000,0.0000,0,37.56,-93.12,118.2,CXON
2102,02:02:14,36,F,LW,0.826331,0.01,N,N,31.4,96702.0,4.2,6:3:0,0.0,0.0000,0.0000,0,37.56,-93.12,118.2,CXON
2102,02:02:15,37,F,LW,0.946008,0.12,N,N,31.4,96703.0,4.2,6:3:1,0.0,0.0000,0.0000,0,37.56,-93.12,118.2,CXON
2102,02:02:16,38,F,LW,0.854692,-0.09,N,N,31.4,96704.0,4.2,6:3:2,0.0,0.0000,0.0000,0,37.56,-93.12,118.2,CXON
2102,02:02:17,39,F,LW,0.883957,0.03,N,N,31.4,96703.0,4.2,6:3:3,0.0,0.0000,0.0000,0,37.56,-93.12,118.2,CXON
2102,02:02:19,40,F,LW,0.934141,0.05,N,N,31.4,96699.0,4.2,6:3:5,0.0,0.0000,0.0000,0,37.56,-93.12,118.2,CXON
2102,02:02:20,41,F,LW,0.845640,-0.09,N,N,31.4,96702.0,4.2,6:3:6,0.0,0.0000,0.0000,0,37.56,-93.12,118.2,CXON
2102,02:02:21,42,F,LW,0.879934,0.03,N,N,31.4,96702.0,4.2,6:3:7,0.0,0.0000,0.0000,0,37.56,-93.12,118.2,CXON
2102,02:02:22,43,F,LW,0.874202,-0.01,N,N,31.5,96703.0,4.2,6:3:9,0.0,0.0000,0.0000,0,37.56,-93.12,118.2,CXON
2102,02:02:24,44,F,LW,0.908294,0.03,N,N,31.5,96701.0,4.2,6:3:10,0.0,0.0000,0.0000,0,37.62,-93.12,118.2,CXON
2102,02:02:25,45,F,LW,0.955159,0.05,N,N,31.5,96700.0,4.2,6:3:11,0.0,0.0000,0.0000,0,37.62,-93.12,118.2,CXON
2102,02:02:26,46,F,LW,0.874906,-0.08,N,N,31.5,96703.0,4.2,6:3:12,0.0,0.0000,0.0000,0,37.62,-93.12,118.2,CXON
2102,02:02:27,47,F,LW,0.931526,0.06,N,N,31.5,96703.0,4.2,6:3:14,0.0,0.0000,0.0000,0,37.62,-93.12,118.2,CXON
2102,02:02:29,48,F,LW,0.913122,-0.02,N,N,31.5,96703.0,4.2,6:3:15,0.0,0.0000,0.0000,0,37.56,-93.12,118.2,CXON
2102,02:02:30,49,F,LW,0.947617,0.03,N,N,31.5,96702.0,4.2,6:3:16,0.0,0.0000,0.0000,0,37.56,-93.12,118.2,CXON
2102,02:02:31,50,F,LW,0.928308,-0.02,N,N,31.5,96703.0,4.2,6:3:17,0.0,0.0000,0.0000,0,37.56,-93.12,118.2,CXON
2102,02:02:32,51,F,LW,0.910406,-0.02,N,N,31.5,96701.0,4.2,6:3:19,0.0,0.0000,0.0000,0,37.62,-93.12,118.2,CXON
2102,02:02:34,52,F,LW,0.910306,-0.00,N,N,31.5,96702.0,4.2,6:3:20,0.0,0.0000,0.0000,0,37.62,-93.12,118.2,CXON
2102,02:02:35,53,F,LW,0.932431,0.02,N,N,31.5,96700.0,4.2,6:3:21,0.0,0.0000,0.0000,0,37.62,-93.12,118.2,CXON
2102,02:02:36,54,F,LW,0.938163,0.01,N,N,31.5,96702.0,4.2,6:3:22,0.0,0.0000,0.0000,0,37.62,-93.12,118.2,CXON
2102,02:02:37,55,F,LW,0.959987,0.02,N,N,31.5,96699.0,4.2,6:3:24,0.0,0.0000,0.0000,0,37.62,-93.12,118.2,CXON
2102,02:02:39,56,F,LW,0.881443,-0.08,N,N,31.5,96702.0,4.2,6:3:25,0.0,0.0000,0.0000,0,37.62,-93.12,118.2,CXON
2102,02:02:40,57,F,LW,1.026765,0.15,N,N,31.5,96700.0,4.2,6:3:26,0.0,0.0000,0.0000,0,37.62,-93.12,118.2,CXON
2102,02:02:41,58,F,LW,0.942488,-0.08,N,N,31.5,96699.0,4.2,6:3:27,0.0,0.0000,0.0000,0,37.56,-93.12,118.2,CXON
2102,02:02:43,59,F,LW,1.022641,0.08,N,N,31.5,96702.0,4.2,6:3:29,0.0,0.0000,0.0000,0,37.56,-93.12,118.2,CXON
2102,02:02:44,60,F,LW,1.013489,-0.01,N,N,31.5,96701.0,4.2,6:3:30,0.0,0.0000,0.0000,0,37.56,-93.12,118.2,CXON
2102,02:02:45,61,F,LW,0.970848,-0.04,N,N,31.6,96701.0,4.2,6:3:31,0.0,0.0000,0.0000,0,37.56,-93.12,118.2,CXON
2102,02:02:46,62,F,LW,0.920061,-0.05,N,N,31.6,96703.0,4.2,6:3:32,0.0,0.0000,0.0000,0,37.56,-93.12,118.2,CXON
2102,02:02:48,63,F,LW,1.046074,0.13,N,N,31.6,96700.0,4.2,6:3:34,0.0,0.0000,0.0000,0,37.56,-93.12,118.2,CXON
2102,02:02:49,64,F,LW,0.955863,-0.09,N,N,31.6,96702.0,4.2,6:3:35,0.0,0.0000,0.0000,0,37.56,-93.12,118.2,CXON
2102,02:02:50,65,F,LW,0.994884,0.04,N,N,31.6,96702.0,4.2,6:3:36,0.0,0.0000,0.0000,0,37.56,-93.12,118.2,CXON
2102,02:02:51,66,F,LW,0.971250,-0.02,N,N,31.6,96700.0,4.2,6:3:37,0.0,0.0000,0.0000,0,37.56,-93.12,118.2,CXON
2102,02:02:53,67,F,LW,1.000214,0.03,N,N,31.6,96702.0,4.2,6:3:39,0.0,0.0000,0.0000,0,37.56,-93.12,118.2,CXON
2102,02:02:54,68,F,LW,1.100885,0.10,N,N,31.6,96700.0,4.2,6:3:40,0.0,0.0000,0.0000,0,37.56,-93.12,118.2,CXON
2102,02:02:55,69,F,LW,1.057740,-0.04,N,N,31.6,96701.0,4.2,6:3:41,0.0,0.0000,0.0000,0,37.62,-93.06,118.2,CXON
2102,02:02:56,70,F,LW,1.030787,-0.03,N,N,31.6,96701.0,4.2,6:3:42,0.0,0.0000,0.0000,0,37.62,-93.06,118.2,CXON
2102,02:02:58,71,F,LW,1.123714,0.09,N,N,31.6,96698.0,4.2,6:3:44,0.0,0.0000,0.0000,0,37.62,-93.06,118.2,CXON
2102,02:02:59,72,F,LW,0.973765,-0.15,N,N,31.6,96701.0,4.2,6:3:45,0.0,0.0000,0.0000,0,37.62,-93.12,117.9,CXON
2102,02:03:00,73,F,LW,1.162333,0.19,N,N,31.6,96696.0,4.2,6:3:46,0.0,0.0000,0.0000,0,36.94,-92.62,133.5,CXON
2102,02:03:01,74,F,LW,1.067998,-0.09,N,N,31.6,96700.0,4.2,6:3:47,0.0,0.0000,0.0000,0,37.19,-92.50,133.2,CXON
2102,02:03:03,75,F,LW,1.057941,-0.01,N,N,31.6,96700.0,4.2,6:3:49,0.0,0.0000,0.0000,0,37.19,-92.50,133.2,CXON
2102,02:03:04,76,F,LW,0.966121,-0.09,N,N,31.6,96702.0,4.2,6:3:50,0.0,0.0000,0.0000,0,37.31,-92.44,133.1,CXON
2102,02:03:05,77,F,LW,1.013188,0.05,N,N,31.6,96704.0,4.2,6:3:51,0.0,0.0000,0.0000,0,37.38,-92.44,133.1,CXON
2102,02:03:06,78,F,LW,0.940074,-0.07,N,N,31.6,96702.0,4.2,6:3:53,0.0,0.0000,0.0000,0,37.44,-92.38,133.0,CXON
2102,02:03:08,79,F,LW,0.939370,-0.00,N,N,31.6,96701.0,4.2,6:3:54,0.0,0.0000,0.0000,0,37.38,-92.38,133.0,CXON
2102,02:03:09,80,F,LW,1.032296,0.09,N,N,31.6,96703.0,4.2,6:3:55,0.0,0.0000,0.0000,0,37.38,-92.38,133.0,CXON
2102,02:03:10,81,F,LW,0.939370,-0.09,N,N,31.7,96702.0,4.2,6:3:56,0.0,0.0000,0.0000,0,37.38,-92.38,133.1,CXON
2102,02:03:11,82,F,LW,0.902361,-0.04,N,N,31.7,96701.0,4.2,6:3:57,0.0,0.0000,0.0000,0,37.38,-92.38,133.1,CXON
2102,02:03:13,83,F,LW,0.887477,-0.01,N,N,31.7,96704.0,4.2,6:3:59,0.0,0.0000,0.0000,0,37.38,-92.38,133.1,CXON
2102,02:03:14,84,F,LW,0.879834,-0.01,N,N,31.7,96702.0,4.2,6:4:0,0.0,0.0000,0.0000,0,37.38,-92.38,133.0,CXON
2102,02:03:15,85,F,LW,1.104807,0.22,N,N,31.7,96697.0,4.2,6:4:1,0.0,0.0000,0.0000,0,37.38,-92.38,133.1,CXON
2102,02:03:16,86,F,LW,0.935146,-0.17,N,N,31.7,96701.0,4.2,6:4:3,0.0,0.0000,0.0000,0,37.38,-92.38,133.1,CXON
2102,02:03:18,87,F,LW,1.103600,0.17,N,N,31.7,96699.0,4.2,6:4:4,0.0,0.0000,0.0000,0,37.38,-92.38,133.1,CXON
2102,02:03:19,88,F,LW,1.053416,-0.05,N,N,31.7,96701.0,4.2,6:4:5,0.0,0.0000,0.0000,0,37.38,-92.38,133.1,CXON
2102,02:03:20,89,F,LW,1.159819,0.11,N,N,31.7,96698.0,4.2,6:4:6,0.0,0.0000,0.0000,0,37.38,-92.38,133.1,CXON
2102,02:03:21,90,F,LW,1.088012,-0.07,N,N,31.7,96699.0,4.2,6:4:8,0.0,0.0000,0.0000,0,37.38,-92.38,133.1,CXON
2102,02:03:23,91,F,LW,1.059852,-0.03,N,N,31.7,96706.0,4.2,6:4:9,0.0,0.0000,0.0000,0,37.38,-92.38,133.1,CXON
2102,02:03:24,92,F,LW,1.041548,-0.02,N,N,31.7,96702.0,4.2,6:4:10,0.0,0.0000,0.0000,0,37.38,-92.38,133.1,CXON
2102,02:03:25,93,F,LW,0.992169,-0.05,N,N,31.7,96700.0,4.2,6:4:11,0.0,0.0000,0.0000,0,37.38,-92.38,133.1,CXON
2102,02:03:26,94,F,LW,0.084672,-0.91,N,N,31.7,96699.0,4.2,6:4:13,0.0,0.0000,0.0000,0,37.38,-92.38,133.1,CAL
2102,02:03:28,95,F,LW,0.000000,-0.08,N,N,31.7,96702.0,4.2,6:4:14,0.0,0.0000,0.0000,0,37.38,-92.38,133.1,CAL
2102,02:03:29,96,F,LW,0.000000,0.00,N,N,31.7,96700.0,4.2,6:4:15,0.0,0.0000,0.0000,0,37.38,-92.38,133.1,CAL
2102,02:03:30,97,F,LW,0.000000,0.00,N,N,31.7,96702.0,4.2,6:4:16,0.0,0.0000,0.0000,0,37.38,-92.38,133.1,CAL
2102,02:03:31,98,F,LW,0.110817,0.11,N,N,31.8,96701.0,4.2,6:4:18,0.0,0.0000,0.0000,0,37.38,-92.38,133.1,CAL
2102,02:03:33,99,F,LW,0.177590,0.07,N,N,31.8,96698.0,4.2,6:4:19,0.0,0.0000,0.0000,0,37.38,-92.38,133.1,CAL
2102,02:03:34,100,F,LW,0.343719,0.17,N,N,31.7,96694.0,4.2,6:4:20,0.0,0.0000,0.0000,0,37.38,-92.38,133.1,CAL
2102,02:03:35,101,F,LW,0.472440,0.13,N,N,31.8,96694.0,4.2,6:4:21,0.0,0.0000,0.0000,0,37.38,-92.38,133.1,CAL
2102,02:03:36,102,F,LW,0.484508,0.01,N,N,31.8,96695.0,4.2,6:4:23,0.0,0.0000,0.0000,0,37.38,-92.38,133.0,CAL
2102,02:03:38,103,F,LW,0.750303,0.27,N,N,31.8,96691.0,4.2,6:4:24,0.0,0.0000,0.0000,0,37.38,-92.38,133.0,CAL
2102,02:03:39,104,F,LW,0.980704,0.23,N,N,31.8,96686.0,4.2,6:4:25,0.0,0.0000,0.0000,0,37.38,-92.38,133.0,CAL
2102,02:03:40,105,F,LW,1.166256,0.19,N,N,31.8,96688.0,4.2,6:4:26,0.0,0.0000,0.0000,0,37.38,-92.38,133.0,CAL
2102,02:03:41,106,F,LW,1.696378,0.53,N,N,31.8,96678.0,4.2,6:4:28,0.0,0.0000,0.0000,0,37.38,-92.38,133.0,CAL
2102,02:03:43,107,F,LW,2.639422,0.94,N,N,31.8,96669.0,4.2,6:4:29,0.0,0.0000,0.0000,0,37.38,-92.38,133.0,CAL
2102,02:03:44,108,F,LW,3.918642,1.28,N,N,31.8,96655.0,4.2,6:4:30,0.0,0.0000,0.0000,0,37.38,-92.38,133.0,CAL
2102,02:03:45,109,F,AC,5.150833,1.23,N,N,31.8,96637.0,4.2,6:4:31,0.0,0.0000,0.0000,0,37.38,-92.38,133.0,CAL
2102,02:03:45,110,F,AC,5.216029,0.07,N,N,31.5,96630.0,4.2,6:4:31,0.0,0.0000,0.0000,0,37.38,-92.38,133.0,CAL
2102,02:03:45,111,F,AC,5.335254,0.12,N,N,31.4,96623.0,4.2,6:4:31,0.0,0.0000,0.0000,0,37.38,-92.38,133.0,CAL
2102,02:03:45,112,F,AC,5.510724,0.18,N,N,31.4,96618.0,4.2,6:4:32,0.0,0.0000,0.0000,0,37.38,-92.38,133.0,CAL
2102,02:03:46,113,F,AC,5.786211,0.28,N,N,31.3,96602.0,4.2,6:4:32,0.0,0.0000,0.0000,0,37.38,-92.38,133.0,CAL
2102,02:03:46,114,F,AC,6.214653,0.43,N,N,31.3,96580.0,4.2,6:4:32,0.0,0.0000,0.0000,0,37.38,-92.38,133.0,CAL
2102,02:03:46,115,F,AC,6.822842,0.61,N,N,31.3,96557.0,4.2,6:4:33,0.0,0.0000,0.0000,0,37.38,-92.38,133.0,CAL
2102,02:03:47,116,F,AC,7.665358,0.84,N,N,31.3,96525.0,4.2,6:4:33,0.0,0.0000,0.0000,0,37.38,-92.38,133.0,CAL
2102,02:03:47,117,F,AC,8.807581,1.14,N,N,31.3,96489.0,4.2,6:4:33,0.0,0.0000,0.0000,0,37.38,-92.38,133.0,CAL
2102,02:03:47,118,F,AC,10.223022,1.42,N,N,31.3,96463.0,4.2,6:4:33,0.0,0.0000,0.0000,0,37.44,-92.44,132.9,CAL
2102,02:03:47,119,F,AC,12.006161,1.78,N,N,31.3,96400.0,4.2,6:4:33,0.0,0.0000,0.0000,0,37.50,-92.44,132.9,CAL
2102,02:03:48,120,F,AC,14.402100,2.40,N,N,31.3,96290.0,4.2,6:4:34,0.0,0.0000,0.0000,0,37.50,-92.44,132.9,CAL
2102,02:03:48,121,F,AC,17.769125,3.37,N,N,31.3,96120.0,4.2,6:4:34,0.0,0.0000,0.0000,0,37.50,-92.44,132.9,CAL
2102,02:03:48,122,F,AC,22.298285,4.53,N,N,31.3,95898.0,4.2,6:4:34,0.0,0.0000,0.0000,0,37.50,-92.44,132.9,CAL
2102,02:03:48,123,F,AC,28.401865,6.10,N,N,31.3,95565.0,4.2,6:4:35,0.0,0.0000,0.0000,0,37.56,-92.44,132.8,CAL
2102,02:03:49,124,F,AC,36.372852,7.97,N,N,31.3,95200.0,4.2,6:4:35,0.0,0.0000,0.0000,0,37.75,-92.50,132.6,CAL
2102,02:03:49,125,F,AC,46.305580,9.93,N,N,31.3,94843.0,4.2,6:4:35,0.0,0.0000,0.0000,0,37.94,-92.56,132.4,CAL
2102,02:03:49,126,F,AC,58.082146,11.78,N,N,31.2,94508.0,4.2,6:4:35,0.0,0.0000,0.0000,0,38.19,-92.62,132.2,CAL
2102,02:03:49,127,F,AC,71.638382,13.56,N,N,31.2,94221.0,4.2,6:4:36,0.0,0.0000,0.0000,0,38.38,-92.62,132.0,CAL
2102,02:03:50,128,F,AC,86.627602,14.99,N,N,31.2,93988.0,4.2,6:4:36,0.0,0.0000,0.0000,0,38.50,-92.69,131.9,CAL
2102,02:03:50,129,F,AC,102.605545,15.98,N,N,31.2,93798.0,4.2,6:4:36,0.0,0.0000,0.0000,0,38.69,-12.69,131.7,CAL
2102,02:03:50,130,F,AC,119.137047,16.53,N,N,31.2,93635.0,4.2,6:4:36,0.0,0.0000,0.0000,0,38.81,-92.69,131.6,CAL
2102,02:03:51,131,F,AC,135.809570,16.67,N,N,31.2,93505.0,4.2,6:4:37,0.0,0.0000,0.0000,0,38.94,-92.69,131.4,CAL
2102,02:03:51,132,F,AC,152.285065,16.48,N,N,31.2,93403.0,4.2,6:4:37,0.0,0.0000,0.0000,0,39.00,-92.75,131.3,CAL
2102,02:03:51,133,F,AC,168.335068,16.05,N,N,31.2,93311.0,4.2,6:4:37,0.0,0.0000,0.0000,0,39.06,-92.75,131.2,CAL
2102,02:03:51,134,F,AC,183.809509,15.47,N,N,31.2,93230.0,4.2,6:4:37,0.0,0.0000,0.0000,0,39.06,-92.75,131.2,CAL
2102,02:03:52,135,F,AC,198.554184,14.74,N,N,31.2,93186.0,4.2,6:4:38,0.0,0.0000,0.0000,0,39.06,-92.75,131.2,CAL
2102,02:03:52,136,F,AC,212.300949,13.75,N,N,31.2,93247.0,4.2,6:4:38,0.0,0.0000,0.0000,0,39.06,-92.75,131.2,CAL
2102,02:03:52,137,F,AC,224.889374,12.59,N,N,31.2,93290.0,4.2,6:4:38,0.0,0.0000,0.0000,0,39.06,-92.75,131.2,CAL
2102,02:03:52,138,F,AC,236.208694,11.32,N,N,31.2,93324.0,4.2,6:4:39,0.0,0.0000,0.0000,0,39.06,-92.75,131.2,CAL
2102,02:03:53,139,F,AC,246.186966,9.98,N,N,31.2,93353.0,4.2,6:4:39,0.0,0.0000,0.0000,0,39.06,-92.75,131.2,CAL
2102,02:03:53,140,F,AC,254.822113,8.64,N,N,31.2,93384.0,4.2,6:4:39,0.0,0.0000,0.0000,0,39.06,-92.75,131.2,CAL
2102,02:03:53,141,F,AC,262.113586,7.29,N,N,31.2,93411.0,4.2,6:4:39,0.0,0.0000,0.0000,0,39.06,-92.75,131.2,CAL
2102,02:03:53,142,F,AC,268.069885,5.96,N,N,31.2,93437.0,4.2,6:4:40,0.0,0.0000,0.0000,0,39.06,-92.75,131.2,CAL
2102,02:03:54,143,F,AC,272.723572,4.65,N,N,31.2,93461.0,4.2,6:4:40,0.0,0.0000,0.0000,0,39.06,-92.75,131.2,CAL
2102,02:03:54,144,F,AC,276.139343,3.42,N,N,31.2,93480.0,4.2,6:4:40,0.0,0.0000,0.0000,0,39.19,-92.75,131.2,CAL
2102,02:03:54,145,F,AC,278.415955,2.28,N,N,31.2,93494.0,4.2,6:4:40,0.0,0.0000,0.0000,0,39.25,-92.75,131.1,CAL
2102,02:03:55,146,F,AC,279.832275,1.42,N,N,31.2,93510.0,4.2,6:4:41,0.0,0.0000,0.0000,0,39.31,-92.75,131.0,CAL
2102,02:03:55,147,F,AC,280.601440,0.77,N,N,31.2,93528.0,4.2,6:4:41,0.0,0.0000,0.0000,0,39.38,-92.75,130.9,CAL
2102,02:03:55,148,F,AC,280.898560,0.30,N,N,31.2,93542.0,4.2,6:4:41,0.0,0.0000,0.0000,0,39.38,-92.75,130.9,CAL
2102,02:03:55,149,F,AC,280.827911,-0.07,N,N,31.2,93560.0,4.2,6:4:41,0.0,0.0000,0.0000,0,39.38,-92.75,130.9,CAL
2102,02:03:56,150,F,AC,280.482544,-0.35,N,N,31.2,93570.0,4.2,6:4:42,0.0,0.0000,0.0000,0,39.38,-92.75,130.9,CAL
2102,02:03:56,151,F,AC,279.932556,-0.55,N,N,31.2,93583.0,4.2,6:4:42,0.0,0.0000,0.0000,0,39.38,-92.75,131.0,CAL
2102,02:03:56,152,F,AC,279.255493,-0.68,N,N,31.2,93592.0,4.2,6:4:42,0.0,0.0000,0.0000,0,39.38,-92.75,131.0,CAL
2102,02:03:56,153,F,RS,278.482544,-0.77,N,N,31.2,93605.0,4.2,6:4:43,0.0,0.0000,0.0000,0,39.38,-92.75,130.9,CAL
2102,02:03:57,154,F,DC,276.870178,-1.61,P,N,31.2,93613.0,4.2,6:4:43,0.0,0.0000,0.0000,0,39.44,-92.75,130.9,CAL
2102,02:03:57,155,F,DC,276.086426,-0.78,P,N,31.2,93623.0,4.2,6:4:43,0.0,0.0000,0.0000,0,39.44,-92.75,130.9,CAL
2102,02:03:57,156,F,DC,275.320831,-0.77,P,N,31.2,93631.0,4.2,6:4:43,0.0,0.0000,0.0000,0,39.50,-92.75,130.8,CAL
2102,02:03:57,157,F,DC,274.584778,-0.74,P,N,31.2,93640.0,4.2,6:4:44,0.0,0.0000,0.0000,0,39.50,-92.75,130.8,CAL
2102,02:03:58,158,F,DC,273.875671,-0.71,P,N,31.2,93647.0,4.2,6:4:44,0.0,0.0000,0.0000,0,39.50,-92.75,130.8,CAL
2102,02:03:58,159,F,DC,273.165039,-0.71,P,N,31.2,93653.0,4.2,6:4:44,0.0,0.0000,0.0000,0,39.50,-92.75,130.8,CAL
2102,02:03:58,160,F,DC,272.460754,-0.70,P,N,31.2,93661.0,4.2,6:4:44,0.0,0.0000,0.0000,0,39.50,-92.75,130.8,CAL
2102,02:03:58,161,F,DC,271.765503,-0.70,P,N,31.2,93668.0,4.2,6:4:45,0.0,0.0000,0.0000,0,39.50,-92.75,130.8,CAL
2102,02:03:59,162,F,DC,271.084778,-0.68,P,N,31.2,93675.0,4.2,6:4:45,0.0,0.0000,0.0000,0,39.50,-92.75,130.8,CAL
2102,02:03:59,163,F,DC,270.423157,-0.66,P,N,31.2,93680.0,4.2,6:4:45,0.0,0.0000,0.0000,0,39.50,-92.75,130.8,CAL
2102,02:03:59,164,F,DC,269.772797,-0.65,P,N,31.2,93687.0,4.2,6:4:45,0.0,0.0000,0.0000,0,39.50,-92.75,130.9,CAL
2102,02:04:00,165,F,DC,269.150391,-0.62,P,N,31.2,93690.0,4.2,6:4:46,0.0,0.0000,0.0000,0,39.50,-92.75,130.9,CAL
2102,02:04:00,166,F,DC,268.538422,-0.61,P,N,31.2,93700.0,4.2,6:4:46,0.0,0.0000,0.0000,0,39.50,-92.75,130.9,CAL
2102,02:04:00,167,F,DC,267.896576,-0.64,P,N,31.2,93717.0,4.2,6:4:46,0.0,0.0000,0.0000,0,39.50,-92.75,130.9,CAL
2102,02:04:00,168,F,DC,267.174316,-0.72,P,N,31.2,93737.0,4.2,6:4:47,0.0,0.0000,0.0000,0,39.50,-92.75,130.9,CAL
2102,02:04:01,169,F,DC,266.343079,-0.83,P,N,31.2,93756.0,4.2,6:4:47,0.0,0.0000,0.0000,0,39.50,-92.75,130.9,CAL
2102,02:04:01,170,F,DC,265.376526,-0.97,P,N,31.2,93772.0,4.2,6:4:47,0.0,0.0000,0.0000,0,39.50,-92.75,130.9,CAL
2102,02:04:01,171,F,DC,264.261871,-1.11,P,N,31.2,93793.0,4.2,6:4:47,0.0,0.0000,0.0000,0,39.50,-92.75,130.6,CAL
2102,02:04:01,172,F,DC,263.022888,-1.24,P,N,31.2,93812.0,4.2,6:4:48,0.0,0.0000,0.0000,0,39.50,-92.75,130.6,CAL
2102,02:04:02,173,F,DC,261.674713,-1.35,P,N,31.2,93835.0,4.2,6:4:48,0.0,0.0000,0.0000,0,39.50,-92.75,130.6,CAL
2102,02:04:02,174,F,DC,260.096039,-1.58,P,N,31.2,93892.0,4.2,6:4:48,0.0,0.0000,0.0000,0,39.50,-92.75,130.6,CAL
2102,02:04:02,175,F,DC,257.979065,-2.12,P,N,31.2,94002.0,4.2,6:4:48,0.0,0.0000,0.0000,0,39.50,-92.75,130.6,CAL
2102,02:04:02,176,F,DC,255.092682,-2.89,P,N,31.2,94114.0,4.2,6:4:49,0.0,0.0000,0.0000,0,39.50,-92.75,130.6,CAL
2102,02:04:03,177,F,DC,251.229401,-3.86,P,N,31.2,94231.0,4.2,6:4:49,0.0,0.0000,0.0000,0,39.50,-92.75,130.6,CAL
2102,02:04:03,178,F,DC,246.345291,-4.88,P,N,31.2,94341.0,4.2,6:4:49,0.0,0.0000,0.0000,0,39.50,-92.75,130.6,CAL
2102,02:04:03,179,F,DC,240.523239,-5.82,P,N,31.2,94454.0,4.2,6:4:49,0.0,0.0000,0.0000,0,39.50,-92.75,130.6,CAL
2102,02:04:04,180,F,DC,234.025681,-6.50,P,N,31.2,94565.0,4.2,6:4:50,0.0,0.0000,0.0000,0,39.50,-92.75,130.6,CAL
2102,02:04:04,181,F,DC,227.076248,-6.95,P,N,31.2,94667.0,4.2,6:4:50,0.0,0.0000,0.0000,0,39.50,-92.75,130.6,CAL
2102,02:04:04,182,F,DC,219.855438,-7.22,P,N,31.2,94775.0,4.2,6:4:50,0.0,0.0000,0.0000,0,39.50,-92.75,130.6,CAL
2102,02:04:04,183,F,DC,212.408356,-7.45,P,N,31.2,94876.0,4.2,6:4:51,0.0,0.0000,0.0000,0,39.50,-92.75,130.6,CAL
2102,02:04:05,184,F,DC,204.786865,-7.62,P,N,31.2,94973.0,4.2,6:4:51,0.0,0.0000,0.0000,0,39.50,-92.75,130.6,CAL
2102,02:04:05,185,F,DC,197.041473,-7.75,P,N,31.2,95066.0,4.2,6:4:51,0.0,0.0000,0.0000,0,39.50,-92.75,130.6,CAL
2102,02:04:05,186,F,DC,189.204910,-7.84,P,N,31.2,95157.0,4.2,6:4:51,0.0,0.0000,0.0000,0,39.50,-92.75,130.6,CAL
2102,02:04:05,187,F,DC,181.320709,-7.88,P,N,31.2,95246.0,4.2,6:4:51,0.0,0.0000,0.0000,0,39.50,-92.75,130.6,CAL
2102,02:04:06,188,F,DC,173.413910,-7.91,P,N,31.2,95336.0,4.2,6:4:52,0.0,0.0000,0.0000,0,39.50,-92.75,130.6,CAL
2102,02:04:06,189,F,DC,165.491089,-7.92,P,N,31.2,95431.0,4.2,6:4:52,0.0,0.0000,0.0000,0,39.50,-92.75,130.6,CAL
2102,02:04:06,190,F,DC,157.572037,-7.92,P,N,31.2,95514.0,4.2,6:4:52,0.0,0.0000,0.0000,0,39.50,-92.75,130.6,CAL
2102,02:04:06,191,F,DC,149.676636,-7.90,P,N,31.2,95594.0,4.2,6:4:53,0.0,0.0000,0.0000,0,39.50,-92.75,130.6,CAL
2102,02:04:07,192,F,DC,141.822357,-7.85,P,N,31.2,95672.0,4.2,6:4:53,0.0,0.0000,0.0000,0,39.50,-92.75,130.6,CAL
2102,02:04:07,193,F,DC,134.030487,-7.79,P,N,31.2,95748.0,4.2,6:4:53,0.0,0.0000,0.0000,0,39.50,-92.75,130.6,CAL
2102,02:04:07,194,F,DC,126.332092,-7.70,P,N,31.2,95822.0,4.2,6:4:53,0.0,0.0000,0.0000,0,39.50,-92.75,130.6,CAL
2102,02:04:07,195,F,DC,118.730835,-7.60,P,N,31.2,95898.0,4.2,6:4:54,0.0,0.0000,0.0000,0,39.50,-92.75,130.6,CAL
2102,02:04:08,196,F,DC,111.231300,-7.50,P,N,31.2,95970.0,4.2,6:4:54,0.0,0.0000,0.0000,0,39.50,-92.75,130.6,CAL
2102,02:04:08,197,F,DC,103.565086,-7.67,P,N,31.2,96195.0,4.2,6:4:54,0.0,0.0000,0.0000,0,39.50,-92.75,130.6,CAL
2102,02:04:08,198,F,HR,86.745590,-16.82,P,C,31.2,96514.0,4.2,6:4:55,0.0,0.0000,0.0000,0,39.44,-92.75,130.7,CAL
2102,02:04:09,199,F,HR,77.646622,-9.10,P,C,31.2,96672.0,4.2,6:4:55,0.0,0.0000,0.0000,0,39.25,-92.56,131.0,CAL
2102,02:04:09,200,F,HR,68.200775,-9.45,P,C,31.2,96689.0,4.2,6:4:55,0.0,0.0000,0.0000,0,39.19,-92.56,131.1,CAL
2102,02:04:09,201,F,HR,58.833839,-9.37,P,C,31.2,96692.0,4.2,6:4:55,0.0,0.0000,0.0000,0,39.06,-92.50,131.2,CAL
2102,02:04:09,202,F,HR,50.070320,-8.76,P,C,31.2,96692.0,4.2,6:4:55,0.0,0.0000,0.0000,0,39.00,-92.50,131.2,CAL
2102,02:04:10,203,F,HR,41.873814,-8.20,P,C,31.2,96694.0,4.2,6:4:56,0.0,0.0000,0.0000,0,38.88,-92.44,131.3,CAL
2102,02:04:10,204,F,HR,34.528015,-7.35,P,C,31.2,96692.0,4.2,6:4:56,0.0,0.0000,0.0000,0,38.88,-92.44,131.4,CAL
2102,02:04:10,205,F,HR,28.102955,-6.43,P,C,31.2,96692.0,4.2,6:4:56,0.0,0.0000,0.0000,0,38.88,-92.44,131.4,CAL
2102,02:04:10,206,F,HR,22.606647,-5.50,P,C,31.2,96693.0,4.2,6:4:57,0.0,0.0000,0.0000,0,38.88,-92.44,131.4,CAL
2102,02:04:11,207,F,HR,18.035381,-4.57,P,C,31.2,96690.0,4.2,6:4:57,0.0,0.0000,0.0000,0,38.88,-92.44,131.4,CAL
2102,02:04:11,208,F,HR,14.356214,-3.68,P,C,31.2,96691.0,4.2,6:4:57,0.0,0.0000,0.0000,0,38.88,-92.44,131.4,CAL
2102,02:04:11,209,F,HR,11.463574,-2.89,P,C,31.2,96691.0,4.2,6:4:57,0.0,0.0000,0.0000,0,38.88,-92.44,131.4,CAL
2102,02:04:11,210,F,HR,9.182503,-2.28,P,C,31.2,96693.0,4.2,6:4:58,0.0,0.0000,0.0000,0,38.88,-92.44,131.4,CAL
2102,02:04:12,211,F,HR,7.390172,-1.79,P,C,31.2,96692.0,4.2,6:4:58,0.0,0.0000,0.0000,0,38.88,-92.44,131.4,CAL
2102,02:04:12,212,F,HR,5.967761,-1.42,P,C,31.2,96693.0,4.2,6:4:58,0.0,0.0000,0.0000,0,38.88,-92.44,131.4,CAL
2102,02:04:13,213,F,LD,0.076325,-5.89,P,C,31.7,96701.0,4.2,6:4:59,0.0,0.0000,0.0000,0,38.88,-92.44,131.4,CAL
2102,02:04:14,214,F,LD,0.014481,-0.06,P,C,31.8,96700.0,4.2,6:5:1,0.0,0.0000,0.0000,0,38.88,-92.44,131.4,CAL
2102,02:04:16,215,F,LD,0.000000,-0.01,P,C,31.8,96700.0,4.2,6:5:2,0.0,0.0000,0.0000,0,38.88,-92.44,131.4,CAL
2102,02:04:17,216,F,LD,0.011363,0.01,P,C,31.8,96698.0,4.2,6:5:3,0.0,0.0000,0.0000,0,38.88,-92.44,131.4,CAL
2102,02:04:18,217,F,LD,0.000000,-0.01,P,C,31.8,96702.0,4.2,6:5:4,0.0,0.0000,0.0000,0,38.88,-92.44,131.4,CAL
2102,02:04:19,218,F,LD,0.043341,0.04,P,C,31.8,96699.0,4.2,6:5:6,0.0,0.0000,0.0000,0,38.88,-92.44,131.4,BCNOFF
2102,02:04:21,219,F,LD,0.039520,-0.00,P,C,31.9,96699.0,4.2,6:5:7,0.0,0.0000,0.0000,0,38.88,-92.44,131.4,BCNOFF
2102,02:04:22,220,F,LD,0.001710,-0.04,P,C,31.9,96700.0,4.2,6:5:8,0.0,0.0000,0.0000,0,38.88,-92.44,131.4,CXON
2102,02:04:23,221,F,LD,0.007240,0.01,P,C,31.9,96699.0,4.2,6:5:9,0.0,0.0000,0.0000,0,38.88,-92.44,131.4,CXON
2102,02:04:34,222,F,LD,0.010157,-0.12,P,C,32.0,96703.0,4.2,6:5:20,0.0,0.0000,0.0000,0,38.88,-92.44,131.4,CXON
2102,02:04:35,223,F,LD,0.087588,0.08,P,C,32.0,96700.0,4.2,6:5:21,0.0,0.0000,0.0000,0,38.88,-92.44,131.4,CXON
2102,02:04:36,224,F,LD,0.070794,-0.02,P,C,32.0,96698.0,4.2,6:5:22,0.0,0.0000,0.0000,0,38.88,-92.44,131.4,CXON
2102,02:04:37,225,F,LD,0.081956,0.01,P,C,32.0,96700.0,4.2,6:5:23,0.0,0.0000,0.0000,0,38.88,-92.44,131.4,CXON
2102,02:04:39,226,F,LD,0.097644,0.02,P,C,32.0,96699.0,4.2,6:5:25,0.0,0.0000,0.0000,0,38.88,-92.44,131.4,CXON
2102,02:04:40,227,F,LD,0.121778,0.02,P,C,32.0,96699.0,4.2,6:5:26,0.0,0.0000,0.0000,0,38.88,-92.44,131.4,CXON
2102,02:04:41,228,F,LD,0.094124,-0.03,P,C,32.0,96700.0,4.2,6:5:27,0.0,0.0000,0.0000,0,38.88,-92.44,131.4,CXON
2102,02:04:42,229,F,LD,0.119466,0.03,P,C,32.0,96699.0,4.2,6:5:29,0.0,0.0000,0.0000,0,38.88,-92.44,131.4,CXON
2102,02:04:44,230,F,LD,0.063856,-0.06,P,C,32.0,96700.0,4.2,6:5:30,0.0,0.0000,0.0000,0,38.88,-92.44,131.4,CXON
2102,02:04:45,231,F,LD,0.054101,-0.01,P,C,32.0,96699.0,4.2,6:5:31,0.0,0.0000,0.0000,0,38.88,-92.44,131.4,CXON
